date,start_hour,city,station_id,charger_kw,session_minutes,energy_kwh,price_per_kwh,session_cost,grid_load_mw,peak_hour
2025-03-04,20,Houston,ST0013,150,42,26.28,0.33,8.67,4888.04,1
2021-01-31,16,Denver,ST0115,11,76,30.96,0.19,5.88,5215.11,0
2019-02-24,15,Osaka,ST0380,100,35,23.41,0.09,2.11,4031.18,0
2018-12-23,15,Helsinki,ST0217,7,24,22.45,0.16,3.59,4183.65,0
2018-05-03,23,Chicago,ST0112,11,40,23.14,0.12,2.78,4780.36,0
2023-09-01,18,Dublin,ST0014,100,21,22.4,0.18,4.03,4803.75,1
2020-03-25,14,Seoul,ST0333,150,82,27.77,0.15,4.17,5302.36,0
2024-02-11,11,Madrid,ST0113,50,49,14.08,0.13,1.83,4874.76,0
2024-08-10,21,Boston,ST0415,7,48,23.18,0.2,4.64,4273.47,1
2019-10-16,14,Seoul,ST0217,22,35,27.49,0.24,6.6,4008.42,0
2021-02-12,19,Phoenix,ST0111,22,37,19.06,0.26,4.95,5471.72,1
2019-02-23,22,Chicago,ST0195,7,28,19.81,0.24,4.76,5507.03,0
2022-01-10,15,Paris,ST0310,22,41,17.39,0.14,2.43,5275.82,0
2018-06-27,23,Singapore,ST0236,100,43,28.18,0.25,7.04,4750.15,0
2019-05-27,19,Berlin,ST0041,100,75,26.82,0.33,8.85,3677.41,1
2021-04-15,22,Tokyo,ST0317,22,46,22.02,0.23,5.07,4034.32,0
2024-06-22,16,Seattle,ST0361,7,52,31.63,0.18,5.69,4542.27,0
2018-07-07,15,Osaka,ST0117,22,63,27.2,0.18,4.9,5165.45,0
2018-11-23,18,Denver,ST0444,7,64,22.17,0.2,4.43,4752.62,1
2022-04-06,10,Boston,ST0233,150,50,25.31,0.22,5.57,4683.93,0
2022-02-03,10,San Francisco,ST0190,22,36,20.61,0.16,3.3,4701.78,0
2020-05-08,20,Osaka,ST0137,150,82,28.71,0.24,6.89,4977.63,1
2025-08-31,8,Tokyo,ST0037,100,44,23.58,0.39,9.2,4658.14,0
2025-02-13,19,San Francisco,ST0274,150,44,17.44,0.3,5.23,5325.71,1
2020-09-29,21,San Francisco,ST0237,50,26,28.13,0.12,3.38,5325.96,1
2021-01-10,23,Tokyo,ST0353,100,25,18.17,0.23,4.18,4780.94,0
2020-06-18,10,Osaka,ST0167,7,46,18.21,0.25,4.55,4313.12,0
2020-07-27,23,New York,ST0413,22,29,19.87,0.28,5.56,4424.05,0
2022-07-02,19,Boston,ST0034,11,71,18.48,0.23,4.25,5083.87,1
2024-05-12,21,Seoul,ST0162,11,20,13.8,0.26,3.59,5123.68,1
2025-05-08,19,Amsterdam,ST0203,150,51,20.72,0.24,4.97,5109.42,1
2023-02-23,14,Phoenix,ST0136,11,82,30.21,0.14,4.23,5229.11,0
2020-10-07,13,Singapore,ST0288,100,60,30.99,0.16,4.96,5365.66,0
2020-12-12,20,Singapore,ST0300,50,61,34.8,0.2,6.96,4662.35,1
2024-07-18,13,Berlin,ST0186,11,28,20.97,0.24,5.03,4982.24,0
2019-07-21,22,Stockholm,ST0253,7,45,30.67,0.2,6.13,6422.76,0
2018-07-12,21,Houston,ST0079,150,27,15.89,0.25,3.97,4871.81,1
2019-10-18,21,Osaka,ST0217,100,54,24.12,0.16,3.86,4259.04,1
2018-09-18,15,Berlin,ST0196,100,62,26.51,0.13,3.45,4992.63,0
2023-04-02,19,Stockholm,ST0129,100,27,22.01,0.22,4.84,4396.55,1
2018-02-17,19,Osaka,ST0370,7,56,30.14,0.29,8.74,4311.71,1
2025-08-24,13,Oslo,ST0385,22,55,27.17,0.26,7.06,6795.04,0
2025-03-10,20,London,ST0058,22,67,30.81,0.27,8.32,4865.61,1
2022-11-16,21,San Francisco,ST0233,7,29,20.3,0.19,3.86,5042.12,1
2020-12-14,23,Stockholm,ST0391,11,10,22.63,0.11,2.49,4814.56,0
2023-09-11,23,Houston,ST0446,150,46,18.13,0.17,3.08,5372.32,0
2021-05-07,14,Tokyo,ST0260,100,49,24.11,0.17,4.1,5948.4,0
2020-03-25,21,Phoenix,ST0192,11,10,20.13,0.17,3.42,5426.75,1
2024-01-19,14,Sydney,ST0473,100,42,25.56,0.28,7.16,4282.11,0
2018-01-03,16,Dublin,ST0166,50,35,18.93,0.34,6.44,5098.22,0
2018-03-21,11,Houston,ST0476,22,63,36.17,0.29,10.49,4105.0,0
2021-06-13,15,Denver,ST0030,11,70,22.86,0.25,5.72,5278.76,0
2024-05-12,13,Chicago,ST0044,150,43,6.95,0.15,1.04,4661.53,0
2023-06-14,11,Chicago,ST0390,100,77,20.09,0.19,3.82,4865.73,0
2019-05-31,23,Phoenix,ST0338,50,16,25.74,0.22,5.66,4572.19,0
2024-03-01,20,San Francisco,ST0136,100,48,20.76,0.22,4.57,4790.38,1
2024-10-20,18,Madrid,ST0494,11,58,32.89,0.13,4.28,6058.08,1
2024-01-18,8,Sydney,ST0374,150,41,25.86,0.24,6.21,4452.1,0
2020-04-03,16,Seoul,ST0160,50,35,19.25,0.28,5.39,5075.52,0
2025-07-14,14,Tokyo,ST0192,50,62,26.98,0.28,7.55,5202.72,0
2023-10-21,13,Rome,ST0062,11,33,25.7,0.26,6.68,4852.34,0
2020-07-09,18,Chicago,ST0174,7,70,23.44,0.26,6.09,4852.67,1
2024-08-06,16,Oslo,ST0118,100,66,30.05,0.28,8.41,5592.93,0
2020-06-21,18,Los Angeles,ST0037,150,58,23.41,0.24,5.62,4888.56,1
2025-01-28,18,New York,ST0118,7,56,20.63,0.37,7.63,4439.51,1
2018-05-09,11,London,ST0037,100,68,30.12,0.26,7.83,5154.65,0
2020-09-01,17,Boston,ST0343,50,27,21.62,0.17,3.68,5414.04,1
2020-05-27,17,Oslo,ST0068,150,28,19.75,0.25,4.94,4637.15,1
2024-05-27,13,Helsinki,ST0243,11,49,25.1,0.18,4.52,4624.9,0
2023-04-22,19,Madrid,ST0098,7,16,12.88,0.17,2.19,4824.81,1
2019-02-02,19,Osaka,ST0221,22,74,31.17,0.21,6.55,4995.17,1
2022-10-01,12,Madrid,ST0240,150,44,21.84,0.24,5.24,4413.73,0
2018-08-10,20,Osaka,ST0335,150,75,26.46,0.25,6.61,5350.9,1
2019-02-08,15,New York,ST0207,150,49,23.94,0.23,5.51,4509.27,0
2021-10-21,18,Houston,ST0128,11,54,31.74,0.29,9.2,6063.53,1
2020-02-19,14,Oslo,ST0230,11,62,26.36,0.37,9.75,4481.28,0
2022-09-25,13,San Francisco,ST0143,50,33,11.34,0.18,2.04,4425.8,0
2020-10-20,18,Chicago,ST0227,100,51,33.5,0.29,9.72,4705.55,1
2019-02-06,13,New York,ST0334,100,54,17.88,0.35,6.26,5421.24,0
2018-03-02,15,Chicago,ST0475,11,10,25.97,0.21,5.45,5522.79,0
2019-11-13,10,Madrid,ST0249,50,33,21.99,0.22,4.84,4562.91,0
2020-05-25,21,Berlin,ST0463,7,23,20.05,0.23,4.61,5257.41,1
2019-11-06,21,Berlin,ST0002,50,22,12.97,0.31,4.02,5138.03,1
2020-12-22,14,Rome,ST0147,50,76,27.7,0.3,8.31,4924.55,0
2025-10-24,23,Singapore,ST0402,100,80,26.36,0.29,7.64,5388.11,0
2025-06-04,23,Seoul,ST0250,11,25,24.43,0.29,7.08,4178.35,0
2020-02-17,12,Miami,ST0112,7,10,17.85,0.27,4.82,5562.59,0
2024-06-30,18,Singapore,ST0278,7,77,20.34,0.1,2.03,4913.58,1
2021-07-08,19,New York,ST0026,100,44,12.94,0.21,2.72,4279.54,1
2023-05-07,21,Stockholm,ST0471,100,52,19.54,0.18,3.52,4468.56,1
2019-10-07,17,New York,ST0492,100,64,20.75,0.26,5.4,4657.88,1
2018-11-25,14,San Francisco,ST0036,100,42,17.86,0.18,3.22,4252.52,0
2018-10-06,23,Osaka,ST0442,11,45,19.9,0.23,4.58,4983.44,0
2022-07-12,16,Houston,ST0483,100,57,28.63,0.18,5.15,4646.6,0
2020-10-05,16,Helsinki,ST0305,7,10,11.62,0.32,3.72,5688.98,0
2024-12-11,16,Chicago,ST0215,150,56,26.28,0.44,11.56,5484.89,0
2024-07-18,17,Helsinki,ST0268,22,25,12.97,0.23,2.98,4513.7,1
2020-12-04,10,Seattle,ST0343,150,32,16.43,0.34,5.59,5206.55,0
2021-07-10,17,Denver,ST0136,50,74,27.27,0.16,4.36,5710.63,1
2019-06-21,20,Osaka,ST0331,22,24,19.93,0.16,3.19,4288.31,1
2023-02-16,22,London,ST0476,7,83,20.97,0.26,5.45,4698.55,0
2018-02-08,15,Rome,ST0319,100,33,17.64,0.22,3.88,4455.09,0
2019-02-14,19,Chicago,ST0276,11,43,21.97,0.16,3.51,4679.48,1
2023-09-04,21,Boston,ST0068,22,55,19.71,0.23,4.53,5374.54,1
2018-10-09,9,Denver,ST0190,22,55,21.29,0.26,5.53,4383.52,0
2019-10-09,8,Rome,ST0427,100,12,19.68,0.24,4.72,4286.56,0
2025-11-21,21,Miami,ST0314,150,11,18.99,0.14,2.66,4670.04,1
2023-12-07,18,Los Angeles,ST0342,100,27,19.32,0.29,5.6,4648.82,1
2021-05-11,22,Osaka,ST0054,11,22,23.29,0.32,7.45,3797.33,0
2020-12-19,14,Houston,ST0456,7,56,23.7,0.25,5.93,4572.83,0
2024-03-16,18,Phoenix,ST0140,22,41,28.76,0.24,6.9,5143.84,1
2024-10-13,15,Seattle,ST0368,22,35,20.04,0.25,5.01,4669.66,0
2020-04-13,19,Osaka,ST0325,22,86,32.68,0.2,6.54,5611.31,1
2023-09-02,15,Amsterdam,ST0129,7,10,14.16,0.09,1.27,4680.88,0
2019-01-14,18,Tokyo,ST0217,22,78,28.99,0.2,5.8,5390.68,1
2018-06-30,6,Los Angeles,ST0171,11,49,27.73,0.12,3.33,5302.81,0
2025-02-22,19,Boston,ST0083,150,36,25.48,0.38,9.68,5072.87,1
2022-12-15,19,Oslo,ST0362,50,35,17.95,0.28,5.03,4523.76,1
2024-04-16,18,Los Angeles,ST0058,7,35,24.59,0.24,5.9,5477.15,1
2025-10-01,15,Phoenix,ST0280,7,39,17.79,0.19,3.38,5059.79,0
2022-02-21,21,Helsinki,ST0283,11,26,25.47,0.31,7.9,5228.59,1
2022-10-27,23,Phoenix,ST0022,22,29,15.26,0.1,1.53,5769.05,0
2022-02-02,21,New York,ST0461,22,43,24.56,0.14,3.44,6241.12,1
2020-05-10,18,Osaka,ST0128,150,47,27.27,0.25,6.82,5081.02,1
2019-02-26,14,Paris,ST0400,100,54,33.89,0.31,10.51,5712.15,0
2022-07-23,15,Dublin,ST0384,11,25,20.37,0.22,4.48,5428.58,0
2020-08-27,9,San Francisco,ST0500,11,75,26.21,0.19,4.98,4278.79,0
2022-08-16,9,Los Angeles,ST0092,150,61,25.69,0.13,3.34,4135.21,0
2021-09-22,16,Madrid,ST0411,150,78,26.06,0.11,2.87,4801.38,0
2020-10-13,16,Boston,ST0082,150,10,18.93,0.2,3.79,5243.82,0
2019-03-19,23,Berlin,ST0447,7,67,24.7,0.14,3.46,6345.46,0
2023-04-12,18,Denver,ST0103,50,45,23.28,0.23,5.35,4880.94,1
2021-12-03,15,Miami,ST0421,11,34,21.92,0.18,3.94,4531.24,0
2020-07-02,18,Los Angeles,ST0338,11,39,30.2,0.08,2.42,5526.55,1
2022-06-21,23,London,ST0143,7,10,17.49,0.19,3.32,4326.19,0
2021-02-17,14,Paris,ST0329,100,22,29.4,0.29,8.53,5533.38,0
2022-06-26,21,Osaka,ST0432,100,22,18.02,0.25,4.5,4381.01,1
2021-09-18,21,Los Angeles,ST0060,22,40,20.93,0.27,5.65,5225.84,1
2020-01-02,16,Helsinki,ST0493,22,68,20.75,0.26,5.4,5199.57,0
2018-06-06,16,Houston,ST0306,50,51,17.86,0.28,5.0,4799.01,0
2021-11-16,15,Singapore,ST0403,22,65,22.28,0.12,2.67,4110.8,0
2022-11-23,21,Dublin,ST0262,7,19,29.05,0.08,2.32,5884.44,1
2022-04-27,19,Helsinki,ST0098,22,43,20.44,0.25,5.11,4942.92,1
2018-07-01,23,Seoul,ST0224,7,47,24.39,0.19,4.63,5029.09,0
2023-10-31,19,Oslo,ST0352,150,10,12.46,0.27,3.36,5015.27,1
2025-07-09,17,Seattle,ST0187,50,45,25.14,0.18,4.52,4551.4,1
2018-10-14,18,Osaka,ST0472,22,25,23.04,0.1,2.3,5466.74,1
2024-12-27,20,London,ST0340,7,50,28.91,0.34,9.83,5522.84,1
2021-05-15,8,Stockholm,ST0159,150,19,17.16,0.22,3.77,4987.45,0
2022-07-31,14,London,ST0207,150,48,19.98,0.18,3.6,4156.6,0
2021-04-26,13,Oslo,ST0066,11,17,15.16,0.29,4.4,4345.94,0
2022-09-19,23,Osaka,ST0482,50,54,25.4,0.16,4.06,5411.77,0
2025-08-06,15,Singapore,ST0463,11,47,36.44,0.21,7.65,5520.4,0
2024-11-26,14,Helsinki,ST0155,50,44,32.13,0.18,5.78,5814.76,0
2024-02-23,21,Los Angeles,ST0156,22,33,25.12,0.29,7.29,5331.39,1
2020-05-10,10,Madrid,ST0403,100,30,20.36,0.21,4.28,5091.79,0
2024-10-20,18,Tokyo,ST0165,50,18,22.06,0.26,5.74,5228.14,1
2022-12-15,23,Rome,ST0346,11,61,27.62,0.22,6.08,4239.98,0
2023-09-25,20,Amsterdam,ST0407,150,49,25.24,0.13,3.28,4460.42,1
2019-11-27,23,Osaka,ST0044,22,44,26.69,0.22,5.87,5081.63,0
2023-10-13,22,Osaka,ST0325,100,34,22.56,0.19,4.29,4812.99,0
2021-10-04,16,Chicago,ST0420,11,49,21.49,0.31,6.66,4458.64,0
2025-07-18,17,Miami,ST0116,11,36,29.55,0.23,6.8,5474.14,1
2019-08-27,10,Los Angeles,ST0024,11,50,28.45,0.23,6.54,5346.53,0
2023-05-01,15,Dublin,ST0436,7,73,38.25,0.19,7.27,4730.27,0
2023-02-09,23,Madrid,ST0454,150,76,24.51,0.19,4.66,4917.13,0
2024-06-15,11,Seattle,ST0368,150,26,16.1,0.17,2.74,4767.05,0
2022-04-22,19,Amsterdam,ST0205,11,76,22.13,0.29,6.42,4861.52,1
2019-08-28,17,Tokyo,ST0353,7,58,19.35,0.25,4.84,5000.61,1
2019-03-13,20,Sydney,ST0218,11,50,36.28,0.18,6.53,4779.61,1
2019-12-22,14,Seoul,ST0266,50,33,18.77,0.3,5.63,5565.34,0
2018-07-25,15,Oslo,ST0128,7,28,23.72,0.18,4.27,5211.33,0
2023-02-13,19,Phoenix,ST0411,50,14,27.42,0.35,9.6,4683.28,1
2025-06-27,16,Stockholm,ST0287,100,50,25.67,0.27,6.93,5927.79,0
2021-07-23,17,Sydney,ST0457,50,29,14.58,0.17,2.48,4881.77,1
2024-11-14,23,Singapore,ST0457,100,34,23.2,0.22,5.1,5646.99,0
2022-10-14,23,Oslo,ST0229,11,34,19.63,0.29,5.69,5379.48,0
2023-04-29,23,Rome,ST0133,11,56,22.92,0.26,5.96,5606.05,0
2025-02-24,22,Boston,ST0393,100,55,29.93,0.3,8.98,5750.81,0
2023-06-08,21,Tokyo,ST0123,22,41,23.65,0.3,7.1,4606.15,1
2022-12-07,19,Chicago,ST0366,22,37,22.58,0.31,7.0,5065.88,1
2020-08-18,18,Boston,ST0172,22,17,23.77,0.27,6.42,6036.71,1
2024-01-22,16,Chicago,ST0071,11,49,25.13,0.33,8.29,4872.86,0
2020-08-05,19,Berlin,ST0356,11,57,25.77,0.19,4.9,5080.14,1
2025-12-03,23,Seattle,ST0033,50,24,21.54,0.17,3.66,5643.7,0
2022-07-28,10,London,ST0278,50,33,23.85,0.33,7.87,4762.51,0
2022-08-31,15,New York,ST0106,50,82,20.6,0.08,1.65,5102.41,0
2022-05-15,15,Sydney,ST0300,150,24,24.42,0.24,5.86,4615.65,0
2018-03-22,11,Sydney,ST0295,50,62,28.69,0.21,6.03,5758.08,0
2023-05-08,12,Los Angeles,ST0483,22,14,16.22,0.22,3.57,4926.55,0
2021-05-08,16,Sydney,ST0200,50,52,17.98,0.32,5.75,4850.85,0
2024-01-14,23,Singapore,ST0377,100,51,26.4,0.26,6.86,5289.47,0
2024-10-06,21,Denver,ST0250,11,71,27.5,0.27,7.43,4985.14,1
2021-01-22,23,Madrid,ST0249,7,31,30.72,0.22,6.76,4367.51,0
2022-05-12,18,London,ST0343,150,31,25.92,0.17,4.41,4740.6,1
2022-07-15,8,Singapore,ST0085,50,35,10.08,0.11,1.11,5080.53,0
2019-06-07,21,Dublin,ST0274,7,53,19.53,0.22,4.3,4996.3,1
2022-06-02,12,Helsinki,ST0289,150,75,31.39,0.2,6.28,4878.99,0
2018-04-22,19,Chicago,ST0330,50,10,17.96,0.17,3.05,4451.05,1
2019-07-10,16,Rome,ST0094,7,80,30.8,0.18,5.54,5229.51,0
2020-12-01,23,Berlin,ST0168,11,63,25.86,0.17,4.4,5412.54,0
2023-02-06,19,London,ST0173,50,62,28.62,0.29,8.3,4726.85,1
2021-02-13,23,Sydney,ST0488,50,48,34.14,0.17,5.8,5964.53,0
2020-10-30,18,Chicago,ST0241,7,31,19.3,0.2,3.86,5149.29,1
2024-01-19,20,New York,ST0488,22,33,21.84,0.37,8.08,5851.12,1
2020-07-07,20,Tokyo,ST0036,150,45,24.0,0.26,6.24,4484.6,1
2018-06-14,16,Sydney,ST0016,11,11,21.32,0.27,5.76,4663.67,0
2020-03-27,23,Los Angeles,ST0319,11,20,13.08,0.24,3.14,5535.86,0
2020-09-04,23,Phoenix,ST0243,150,35,27.59,0.22,6.07,4984.06,0
2019-04-14,22,Helsinki,ST0486,11,58,17.08,0.32,5.46,5698.36,0
2023-03-20,14,Seoul,ST0132,22,52,26.71,0.24,6.41,4611.69,0
2019-11-19,14,Dublin,ST0311,150,44,29.14,0.26,7.58,4711.27,0
2019-04-15,21,Sydney,ST0420,11,10,24.94,0.1,2.49,4838.55,1
2021-06-28,12,Houston,ST0297,7,19,26.08,0.19,4.96,5017.59,0
2021-07-01,17,Helsinki,ST0347,50,54,24.86,0.13,3.23,5437.59,1
2022-06-13,15,Seoul,ST0102,7,13,17.42,0.33,5.75,5294.79,0
2024-08-22,16,Seoul,ST0426,150,38,20.95,0.37,7.75,5094.78,0
2020-09-21,20,Houston,ST0357,22,65,26.99,0.2,5.4,4909.8,1
2025-09-03,17,Dublin,ST0413,7,44,26.92,0.22,5.92,5313.99,1
2024-05-07,17,New York,ST0178,100,46,13.53,0.28,3.79,5067.36,1
2022-10-21,22,Osaka,ST0190,7,10,29.64,0.21,6.22,5612.66,0
2023-09-04,12,Tokyo,ST0175,7,57,19.57,0.18,3.52,5775.31,0
2022-09-17,17,Amsterdam,ST0055,50,49,28.23,0.25,7.06,5028.13,1
2022-01-23,19,Tokyo,ST0457,50,93,28.87,0.23,6.64,5520.81,1
2025-12-07,23,Phoenix,ST0223,11,68,29.35,0.14,4.11,5894.13,0
2023-11-08,12,Tokyo,ST0139,100,51,20.35,0.22,4.48,4985.78,0
2024-01-14,19,Sydney,ST0248,50,53,32.43,0.25,8.11,4887.64,1
2022-11-20,22,Singapore,ST0304,22,68,20.02,0.26,5.21,5370.67,0
2021-08-13,16,Denver,ST0426,7,72,25.89,0.23,5.95,4837.02,0
2021-02-16,18,Rome,ST0125,50,23,13.56,0.33,4.47,4490.76,1
2024-05-23,13,Dublin,ST0343,50,10,16.01,0.13,2.08,5645.03,0
2021-10-09,23,Los Angeles,ST0254,22,31,32.98,0.29,9.56,4929.51,0
2020-01-15,5,Amsterdam,ST0109,22,90,21.85,0.1,2.19,5198.69,0
2020-11-24,23,London,ST0144,100,72,29.46,0.26,7.66,5504.55,0
2025-11-12,21,Boston,ST0285,7,50,24.52,0.22,5.39,4641.1,1
2023-10-18,16,Seattle,ST0044,11,11,18.83,0.15,2.82,4343.52,0
2022-07-23,18,Amsterdam,ST0285,11,72,31.23,0.11,3.44,4490.11,1
2025-09-29,22,Amsterdam,ST0331,150,25,19.88,0.26,5.17,4535.34,0
2023-07-04,18,Rome,ST0406,7,18,17.15,0.24,4.12,4132.12,1
2019-01-17,20,Miami,ST0114,50,44,26.04,0.24,6.25,5686.24,1
2025-10-04,18,Denver,ST0157,150,36,22.93,0.26,5.96,4976.16,1
2024-07-10,18,Paris,ST0243,100,30,18.29,0.12,2.19,5807.93,1
2023-12-15,11,Paris,ST0218,150,31,18.13,0.28,5.08,4645.04,0
2024-03-04,23,London,ST0181,150,31,23.11,0.16,3.7,6125.03,0
2023-02-02,12,Boston,ST0157,22,51,27.29,0.25,6.82,4756.51,0
2020-08-02,17,Houston,ST0370,11,45,22.66,0.29,6.57,6035.92,1
2021-07-16,15,Houston,ST0381,100,17,19.6,0.4,7.84,4476.56,0
2025-09-27,23,San Francisco,ST0099,11,78,24.59,0.26,6.39,5872.57,0
2023-06-07,16,Boston,ST0371,100,40,19.89,0.15,2.98,4574.93,0
2023-11-19,11,Dublin,ST0145,7,45,19.55,0.24,4.69,4020.25,0
2020-03-06,19,Miami,ST0117,22,61,15.35,0.25,3.84,5555.24,1
2020-01-05,11,Miami,ST0008,150,78,29.46,0.17,5.01,4809.94,0
2023-12-28,20,Phoenix,ST0141,7,46,26.21,0.16,4.19,5089.54,1
2018-08-12,10,Oslo,ST0150,150,42,18.52,0.17,3.15,5392.13,0
2019-06-02,23,Tokyo,ST0445,50,57,19.38,0.2,3.88,5644.06,0
2019-02-25,18,Los Angeles,ST0294,22,91,30.89,0.23,7.1,4828.99,1
2023-04-07,18,Amsterdam,ST0226,22,41,26.46,0.29,7.67,4572.85,1
2020-01-26,11,New York,ST0130,50,10,21.74,0.14,3.04,3730.51,0
2019-04-13,19,Chicago,ST0206,50,94,29.25,0.28,8.19,5037.91,1
2018-10-31,17,Helsinki,ST0323,150,63,24.11,0.24,5.79,5097.28,1
2018-08-08,14,Phoenix,ST0077,100,64,24.81,0.17,4.22,5147.48,0
2021-05-29,13,Chicago,ST0128,7,45,23.35,0.3,7.01,5090.77,0
2024-04-04,17,Sydney,ST0214,100,61,32.27,0.26,8.39,4974.26,1
2024-09-07,11,Dublin,ST0116,100,23,19.23,0.18,3.46,4703.45,0
2022-04-08,18,Rome,ST0466,50,55,24.25,0.25,6.06,4989.23,1
2021-05-02,8,Helsinki,ST0220,22,26,20.4,0.14,2.86,5041.56,0
2024-05-18,23,Dublin,ST0031,100,69,25.21,0.32,8.07,5135.18,0
2019-02-11,16,Sydney,ST0107,150,32,20.33,0.19,3.86,4986.52,0
2020-05-14,18,Boston,ST0339,7,45,25.58,0.3,7.68,5437.12,1
2019-10-06,10,Denver,ST0089,100,10,23.87,0.12,2.86,4683.1,0
2018-11-04,12,San Francisco,ST0002,50,10,21.91,0.27,5.91,4539.37,0
2023-01-20,5,Seoul,ST0305,50,34,24.04,0.12,2.88,4787.84,0
2021-04-07,17,New York,ST0119,22,56,25.32,0.15,3.8,5539.56,1
2025-12-05,17,Miami,ST0360,50,44,18.61,0.19,3.54,4472.05,1
2018-10-19,17,Osaka,ST0120,22,79,20.62,0.11,2.27,5658.07,1
2025-01-04,16,Helsinki,ST0339,11,31,26.92,0.18,4.85,5840.68,0
2022-10-08,21,Houston,ST0279,11,35,32.99,0.18,5.94,5422.99,1
2025-04-06,19,Phoenix,ST0466,22,71,34.33,0.22,7.55,4640.6,1
2019-08-06,20,Chicago,ST0031,11,31,31.79,0.23,7.31,4844.49,1
2021-06-13,18,Dublin,ST0384,100,18,15.3,0.3,4.59,4592.76,1
2021-03-28,12,Rome,ST0064,50,55,30.53,0.27,8.24,5360.14,0
2025-09-21,14,Miami,ST0359,50,16,27.43,0.2,5.49,4764.29,0
2021-01-20,23,Stockholm,ST0277,50,56,27.0,0.37,9.99,4746.24,0
2022-11-29,22,Chicago,ST0307,7,46,24.86,0.33,8.2,5293.37,0
2022-11-05,20,Singapore,ST0166,100,66,24.1,0.16,3.86,4473.98,1
2020-10-22,8,Los Angeles,ST0047,11,86,22.8,0.2,4.56,4612.81,0
2025-07-24,19,Helsinki,ST0301,7,61,29.62,0.18,5.33,4914.93,1
2025-07-16,19,Boston,ST0296,7,40,30.84,0.25,7.71,5370.79,1
2019-12-19,21,Amsterdam,ST0266,150,68,27.07,0.13,3.52,5228.1,1
2022-12-17,14,Boston,ST0093,100,34,25.01,0.31,7.75,4890.68,0
2022-11-21,19,Tokyo,ST0417,50,79,28.68,0.4,11.47,5277.49,1
2019-01-09,9,Amsterdam,ST0179,50,60,27.11,0.31,8.4,5125.01,0
2021-09-27,17,London,ST0344,7,20,19.35,0.16,3.1,4627.16,1
2019-10-21,20,London,ST0211,150,78,29.33,0.14,4.11,5239.63,1
2023-07-23,23,Miami,ST0340,50,32,21.17,0.22,4.66,4652.23,0
2024-03-03,21,New York,ST0233,7,42,25.14,0.16,4.02,4801.82,1
2021-07-12,21,Boston,ST0166,7,37,31.07,0.19,5.9,5156.64,1
2022-07-14,22,Stockholm,ST0423,7,16,11.12,0.11,1.22,5615.76,0
2025-05-17,15,Oslo,ST0237,50,96,26.7,0.23,6.14,5677.85,0
2018-08-11,23,Seattle,ST0266,22,86,34.36,0.29,9.96,5393.71,0
2024-12-25,21,Sydney,ST0256,150,33,17.87,0.22,3.93,4906.38,1
2022-12-16,15,Sydney,ST0027,11,58,29.74,0.23,6.84,5657.71,0
2020-12-29,12,Oslo,ST0068,22,41,19.34,0.09,1.74,4776.0,0
2022-11-30,17,Seoul,ST0249,7,75,30.15,0.15,4.52,5887.66,1
2018-04-29,23,Tokyo,ST0312,11,56,23.59,0.15,3.54,4868.25,0
2025-12-17,23,San Francisco,ST0160,100,82,35.56,0.19,6.76,4542.42,0
2018-02-26,18,Oslo,ST0209,7,10,20.82,0.21,4.37,4710.25,1
2020-07-09,10,Houston,ST0237,7,55,21.94,0.14,3.07,3351.61,0
2025-04-07,17,Phoenix,ST0256,150,80,35.91,0.19,6.82,4682.52,1
2021-04-10,20,Stockholm,ST0362,22,25,22.51,0.27,6.08,5603.5,1
2022-08-29,17,Amsterdam,ST0242,11,40,18.41,0.16,2.95,4800.4,1
2023-02-14,19,Oslo,ST0075,50,63,21.54,0.32,6.89,4830.61,1
2020-02-20,17,Dublin,ST0261,150,30,9.48,0.28,2.65,5246.34,1
2019-07-14,16,Chicago,ST0142,50,46,26.1,0.11,2.87,4659.87,0
2021-10-24,21,Stockholm,ST0137,7,19,21.75,0.13,2.83,5240.21,1
2021-03-04,17,Singapore,ST0153,100,12,25.26,0.17,4.29,4535.93,1
2024-07-03,19,Osaka,ST0251,11,67,20.96,0.22,4.61,5178.25,1
2023-01-04,21,Oslo,ST0248,22,48,21.92,0.16,3.51,5050.77,1
2021-09-23,12,Oslo,ST0391,100,10,21.38,0.28,5.99,3644.06,0
2022-03-26,12,Rome,ST0478,22,57,35.13,0.22,7.73,4516.51,0
2020-02-12,17,Seoul,ST0123,100,72,23.41,0.16,3.75,4692.27,1
2022-04-18,13,Denver,ST0439,50,47,31.76,0.24,7.62,4760.88,0
2018-06-28,16,London,ST0382,50,13,23.98,0.21,5.03,4825.66,0
2025-11-28,23,Berlin,ST0198,150,50,20.24,0.19,3.85,5615.19,0
2025-04-24,18,Phoenix,ST0254,7,16,24.52,0.17,4.17,5894.71,1
2019-06-02,23,Stockholm,ST0495,100,36,28.73,0.22,6.32,5501.29,0
2021-09-21,20,Houston,ST0448,50,28,18.14,0.29,5.26,4805.18,1
2019-02-13,15,Stockholm,ST0467,50,25,23.12,0.36,8.32,4358.71,0
2018-03-04,18,Singapore,ST0074,50,73,26.36,0.25,6.59,4434.25,1
2025-05-05,20,Phoenix,ST0039,50,41,27.85,0.3,8.35,6306.18,1
2020-12-21,20,London,ST0320,150,51,25.09,0.2,5.02,5169.61,1
2022-06-17,16,Tokyo,ST0042,22,48,30.35,0.15,4.55,5511.33,0
2025-07-25,23,Oslo,ST0195,22,42,12.43,0.18,2.24,5658.22,0
2025-01-11,17,Seoul,ST0455,50,25,18.48,0.28,5.17,5187.27,1
2024-01-26,16,New York,ST0317,7,37,20.48,0.16,3.28,5709.61,0
2020-08-19,16,Tokyo,ST0351,22,69,33.89,0.29,9.83,4739.74,0
2020-07-20,20,Singapore,ST0047,50,44,18.76,0.24,4.5,4385.53,1
2019-02-08,23,Sydney,ST0325,150,35,23.21,0.24,5.57,4923.37,0
2019-02-16,20,Rome,ST0086,150,35,26.56,0.13,3.45,5069.42,1
2021-05-11,23,Los Angeles,ST0024,22,24,17.49,0.26,4.55,5119.76,0
2018-08-18,19,Miami,ST0184,22,54,27.65,0.3,8.3,5195.52,1
2022-10-31,16,Phoenix,ST0126,100,58,34.46,0.21,7.24,4470.57,0
2022-08-15,23,Helsinki,ST0350,11,42,12.18,0.28,3.41,4741.04,0
2019-11-28,17,San Francisco,ST0041,100,51,25.07,0.27,6.77,4722.55,1
2022-04-16,20,Dublin,ST0350,11,39,26.37,0.26,6.86,4537.78,1
2023-08-01,23,Helsinki,ST0074,11,34,26.12,0.25,6.53,5983.57,0
2023-03-04,16,Tokyo,ST0131,50,38,22.46,0.2,4.49,5309.82,0
2020-11-11,9,Osaka,ST0005,50,23,15.42,0.29,4.47,5596.99,0
2021-03-24,17,Osaka,ST0280,11,41,23.27,0.3,6.98,4469.4,1
2018-10-30,19,Rome,ST0484,22,64,28.19,0.23,6.48,5493.26,1
2024-08-03,4,Miami,ST0328,50,58,21.69,0.09,1.95,4922.36,0
2025-09-28,23,Boston,ST0234,22,42,27.8,0.33,9.18,5728.67,0
2020-03-26,23,Berlin,ST0437,50,59,25.46,0.11,2.8,4938.8,0
2019-03-13,13,Denver,ST0196,100,88,27.68,0.23,6.37,5146.46,0
2022-01-10,18,Helsinki,ST0152,150,78,24.25,0.23,5.58,4585.75,1
2021-04-24,11,Los Angeles,ST0425,150,32,21.65,0.19,4.11,4460.41,0
2022-06-10,10,Boston,ST0005,100,43,15.64,0.27,4.22,4803.77,0
2025-09-10,10,Sydney,ST0382,7,38,18.8,0.24,4.51,5445.42,0
2024-10-19,8,Singapore,ST0255,22,47,22.84,0.27,6.17,4857.96,0
2020-07-31,14,Dublin,ST0411,22,38,18.58,0.3,5.57,4864.98,0
2020-06-16,23,Tokyo,ST0098,100,43,19.62,0.11,2.16,4136.9,0
2020-10-23,10,Osaka,ST0387,150,50,26.54,0.11,2.92,5253.69,0
2025-05-24,15,Osaka,ST0430,11,47,31.7,0.28,8.88,4792.54,0
2025-01-17,13,Houston,ST0463,150,10,15.6,0.21,3.28,4328.83,0
2025-04-01,17,New York,ST0159,50,46,22.4,0.17,3.81,5013.91,1
2018-05-17,20,Helsinki,ST0187,150,23,27.81,0.21,5.84,5020.68,1
2019-06-23,21,Chicago,ST0466,22,49,28.65,0.24,6.87,4728.36,1
2021-08-31,19,Singapore,ST0213,11,22,21.18,0.22,4.66,4860.67,1
2020-04-02,17,Phoenix,ST0403,100,10,16.46,0.23,3.78,4985.75,1
2022-02-07,12,Stockholm,ST0257,22,70,22.07,0.29,6.4,5041.87,0
2019-11-05,14,Boston,ST0468,50,80,21.63,0.28,6.06,5366.82,0
2021-04-23,14,Singapore,ST0446,22,72,25.39,0.24,6.09,5011.72,0
2019-04-17,17,Rome,ST0494,7,61,29.29,0.1,2.93,5609.32,1
2019-07-31,9,Sydney,ST0495,11,65,31.43,0.14,4.4,4600.33,0
2025-08-02,12,Singapore,ST0346,50,40,21.26,0.27,5.74,5480.19,0
2024-04-01,23,Paris,ST0047,50,33,20.91,0.1,2.09,4640.72,0
2018-02-27,22,Boston,ST0275,7,77,21.07,0.18,3.79,5011.07,0
2023-02-06,19,Paris,ST0345,150,28,23.48,0.19,4.46,4966.7,1
2025-07-16,20,Boston,ST0300,50,45,21.22,0.21,4.46,4940.69,1
2025-02-28,16,Paris,ST0056,150,39,30.67,0.26,7.98,4794.95,0
2020-08-15,21,Amsterdam,ST0013,100,38,28.43,0.25,7.11,4980.05,1
2024-04-18,20,London,ST0469,100,13,13.93,0.14,1.95,5027.18,1
2020-06-25,23,Tokyo,ST0033,150,89,31.87,0.26,8.29,4186.95,0
2023-03-17,15,Seoul,ST0155,150,29,18.38,0.21,3.86,4637.46,0
2022-07-31,8,Houston,ST0072,7,59,19.72,0.24,4.73,5775.91,0
2018-06-02,13,Miami,ST0253,7,10,17.77,0.3,5.33,5810.25,0
2019-02-03,11,Denver,ST0455,100,54,22.15,0.21,4.65,6130.79,0
2019-07-10,10,Berlin,ST0233,22,50,26.34,0.3,7.9,4854.35,0
2025-07-09,19,Singapore,ST0357,100,37,23.79,0.2,4.76,5285.93,1
2022-09-13,16,Helsinki,ST0381,150,52,24.09,0.3,7.23,4890.68,0
2019-09-25,9,Madrid,ST0336,7,70,21.87,0.17,3.72,4469.65,0
2023-06-28,23,Dublin,ST0209,22,10,34.89,0.29,10.12,5211.17,0
2018-05-15,17,Seoul,ST0190,11,50,26.61,0.27,7.18,5224.22,1
2022-12-22,18,Rome,ST0487,11,41,22.16,0.21,4.65,5515.54,1
2022-01-25,20,Houston,ST0352,22,10,22.48,0.23,5.17,4980.56,1
2024-02-09,16,Tokyo,ST0184,7,67,30.78,0.17,5.23,5146.64,0
2022-06-19,13,Boston,ST0098,7,17,16.91,0.28,4.73,5304.19,0
2023-02-06,20,Chicago,ST0340,11,59,27.66,0.18,4.98,5226.6,1
2025-03-13,22,Tokyo,ST0306,7,60,31.14,0.27,8.41,5240.3,0
2018-07-27,23,London,ST0125,11,44,18.87,0.21,3.96,4663.03,0
2024-05-01,14,Seattle,ST0036,100,42,19.08,0.2,3.82,3909.5,0
2020-04-28,19,Helsinki,ST0111,11,45,19.31,0.27,5.21,5426.04,1
2021-09-07,9,Sydney,ST0076,100,29,17.63,0.15,2.65,5165.27,0
2018-01-12,17,Boston,ST0440,11,39,12.66,0.26,3.29,4271.01,1
2019-06-17,18,Oslo,ST0129,11,50,30.8,0.13,4.0,3473.46,1
2019-03-27,18,Osaka,ST0444,7,81,33.91,0.23,7.8,4749.84,1
2019-06-24,22,Los Angeles,ST0184,11,25,23.38,0.26,6.08,5563.63,0
2024-08-08,23,London,ST0009,11,52,21.7,0.22,4.77,4162.24,0
2020-12-22,14,New York,ST0065,150,36,19.7,0.23,4.53,4447.59,0
2022-09-21,23,Stockholm,ST0059,150,45,23.35,0.2,4.67,5131.01,0
2018-09-18,22,Amsterdam,ST0230,22,27,17.95,0.2,3.59,4338.86,0
2023-10-04,13,Helsinki,ST0056,50,35,26.57,0.24,6.38,4963.08,0
2023-08-26,22,Denver,ST0485,100,42,24.99,0.21,5.25,5172.65,0
2018-06-27,15,Singapore,ST0402,150,10,18.53,0.32,5.93,5337.22,0
2023-11-06,22,Miami,ST0235,150,69,26.72,0.23,6.15,4738.07,0
2018-05-08,16,New York,ST0246,50,57,30.86,0.21,6.48,4718.34,0
2022-10-13,18,Osaka,ST0056,50,57,17.62,0.08,1.41,4655.21,1
2025-12-27,11,Rome,ST0038,7,34,21.34,0.19,4.05,5531.6,0
2021-08-12,19,Dublin,ST0076,7,51,27.23,0.14,3.81,5508.48,1
2019-06-01,17,Boston,ST0320,150,58,19.6,0.11,2.16,5327.35,1
2024-07-25,19,Oslo,ST0365,22,26,16.77,0.3,5.03,4352.38,1
2022-04-10,23,Dublin,ST0272,22,26,24.31,0.2,4.86,5358.84,0
2023-02-02,15,Stockholm,ST0310,50,41,23.12,0.15,3.47,5262.91,0
2019-02-11,15,Seoul,ST0059,150,40,17.83,0.08,1.43,4775.8,0
2025-04-20,23,Sydney,ST0283,150,60,25.1,0.2,5.02,5071.65,0
2020-05-30,20,Madrid,ST0232,11,21,26.09,0.27,7.04,5363.46,1
2022-08-22,20,London,ST0424,50,45,26.76,0.26,6.96,4830.04,1
2022-06-22,15,Madrid,ST0374,7,47,31.39,0.13,4.08,4191.78,0
2021-07-04,18,Madrid,ST0161,150,46,24.39,0.24,5.85,4845.95,1
2020-11-10,23,Paris,ST0489,11,12,15.3,0.21,3.21,4199.6,0
2025-09-14,17,Amsterdam,ST0035,7,78,27.46,0.24,6.59,4319.78,1
2018-12-16,14,Chicago,ST0222,7,37,20.85,0.31,6.46,5142.25,0
2022-03-07,12,Phoenix,ST0285,7,49,26.37,0.3,7.91,5635.75,0
2024-07-30,12,Oslo,ST0288,22,28,15.07,0.2,3.01,5033.47,0
2025-07-07,22,Houston,ST0211,22,43,21.56,0.23,4.96,4608.67,0
2025-06-18,23,Sydney,ST0217,150,12,20.36,0.36,7.33,5044.85,0
2018-07-30,17,Miami,ST0308,22,37,21.54,0.32,6.89,3820.22,1
2021-12-11,23,Houston,ST0296,100,16,18.59,0.19,3.53,5328.62,0
2020-05-21,10,Phoenix,ST0337,50,54,34.6,0.12,4.15,4933.26,0
2020-07-07,14,Houston,ST0180,100,53,24.46,0.18,4.4,5121.76,0
2022-02-14,23,Houston,ST0391,22,41,26.52,0.13,3.45,4587.86,0
2024-06-09,20,Denver,ST0414,50,74,28.66,0.2,5.73,5014.28,1
2024-04-16,11,Sydney,ST0420,100,57,29.25,0.19,5.56,4601.99,0
2024-11-18,19,Osaka,ST0330,100,36,21.99,0.37,8.14,4844.44,1
2018-04-18,16,Dublin,ST0476,150,32,25.56,0.21,5.37,4597.56,0
2025-10-11,23,Boston,ST0015,11,73,23.76,0.09,2.14,5558.79,0
2021-01-24,14,Seoul,ST0391,22,60,15.35,0.28,4.3,4235.81,0
2021-10-23,21,Paris,ST0004,11,45,18.63,0.19,3.54,5337.68,1
2019-08-10,18,Helsinki,ST0337,50,56,34.6,0.11,3.81,5807.02,1
2018-10-13,18,Phoenix,ST0380,150,27,14.59,0.21,3.06,5379.18,1
2018-05-06,17,Chicago,ST0383,100,75,19.74,0.22,4.34,4292.78,1
2020-05-31,19,Berlin,ST0215,50,62,23.34,0.08,1.87,5072.82,1
2021-10-28,20,San Francisco,ST0190,22,53,30.54,0.15,4.58,5362.26,1
2021-08-21,23,Sydney,ST0483,100,10,20.8,0.18,3.74,5002.43,0
2024-09-08,19,Chicago,ST0453,7,35,18.82,0.22,4.14,4411.66,1
2019-09-30,12,San Francisco,ST0387,100,58,19.22,0.27,5.19,5048.16,0
2018-07-23,9,Osaka,ST0042,22,31,27.69,0.15,4.15,4558.56,0
2022-12-20,20,Osaka,ST0218,50,60,23.94,0.18,4.31,5706.95,1
2024-10-22,23,Rome,ST0213,22,64,26.11,0.16,4.18,4649.2,0
2020-06-01,20,Sydney,ST0263,7,53,31.37,0.27,8.47,4273.93,1
2021-11-14,23,Madrid,ST0057,22,25,19.08,0.24,4.58,6034.15,0
2025-08-09,23,Osaka,ST0304,50,57,23.92,0.26,6.22,5499.52,0
2023-11-29,16,Osaka,ST0158,7,80,28.75,0.25,7.19,5267.96,0
2020-06-22,20,Berlin,ST0307,7,61,22.23,0.18,4.0,4438.86,1
2018-02-01,20,Seattle,ST0155,11,60,27.49,0.34,9.35,5007.16,1
2019-07-17,21,Sydney,ST0131,22,23,18.82,0.27,5.08,5419.85,1
2021-09-05,16,Houston,ST0004,50,43,15.57,0.2,3.11,5327.47,0
2022-10-30,20,San Francisco,ST0067,50,55,24.85,0.22,5.47,4669.23,1
2023-12-22,21,Seoul,ST0118,100,53,26.82,0.18,4.83,3950.61,1
2024-04-07,23,Osaka,ST0413,22,35,17.89,0.27,4.83,4835.54,0
2018-10-23,23,Berlin,ST0442,150,57,28.26,0.12,3.39,5679.0,0
2018-06-23,19,Madrid,ST0010,50,37,23.16,0.1,2.32,5176.95,1
2018-11-15,12,London,ST0295,50,17,12.43,0.3,3.73,4475.08,0
2024-06-06,23,Berlin,ST0364,150,34,13.54,0.14,1.9,5632.08,0
2022-09-07,17,Miami,ST0059,50,34,22.88,0.26,5.95,5490.22,1
2018-03-27,23,London,ST0088,100,37,15.81,0.19,3.0,5153.38,0
2023-02-28,13,Seoul,ST0471,22,25,22.72,0.22,5.0,4867.27,0
2018-12-27,14,Madrid,ST0433,7,40,18.18,0.28,5.09,5370.34,0
2020-09-23,8,Madrid,ST0302,50,26,13.64,0.17,2.32,4672.83,0
2023-11-17,10,Chicago,ST0203,22,26,16.1,0.23,3.7,4799.07,0
2021-10-22,14,Denver,ST0171,11,48,21.03,0.2,4.21,5700.83,0
2018-11-09,23,Stockholm,ST0325,7,19,24.43,0.28,6.84,4483.58,0
2023-12-14,22,Stockholm,ST0100,22,75,21.39,0.16,3.42,5534.38,0
2021-12-09,19,Singapore,ST0491,150,56,26.42,0.25,6.61,4322.46,1
2019-08-28,23,Denver,ST0053,11,68,25.01,0.22,5.5,4294.5,0
2020-11-14,20,Seattle,ST0089,100,56,24.41,0.3,7.32,4830.6,1
2019-09-19,20,Sydney,ST0389,150,24,20.76,0.21,4.36,5095.7,1
2018-11-05,16,San Francisco,ST0488,150,42,27.17,0.19,5.16,4125.39,0
2023-07-17,23,Rome,ST0387,100,72,20.18,0.27,5.45,4789.23,0
2024-07-01,19,Rome,ST0349,100,50,22.83,0.17,3.88,4626.04,1
2025-03-18,13,Tokyo,ST0320,22,28,21.02,0.17,3.57,5185.12,0
2025-01-13,23,London,ST0078,50,33,23.16,0.25,5.79,5288.63,0
2018-10-07,18,Amsterdam,ST0227,150,59,27.49,0.13,3.57,5404.54,1
2021-05-25,22,Boston,ST0303,7,29,21.67,0.27,5.85,4922.02,0
2021-12-12,23,Stockholm,ST0038,22,92,25.11,0.12,3.01,5212.35,0
2023-03-07,21,Rome,ST0020,7,40,30.07,0.13,3.91,5386.72,1
2022-02-19,14,Miami,ST0040,150,79,37.44,0.17,6.37,4654.99,0
2019-01-05,22,Dublin,ST0305,100,37,22.21,0.22,4.89,4069.02,0
2022-04-24,17,Rome,ST0298,100,31,19.25,0.32,6.16,4288.76,1
2018-06-18,22,Rome,ST0466,100,39,21.28,0.28,5.96,5195.15,0
2025-04-23,20,Seattle,ST0165,100,64,24.02,0.18,4.32,4453.52,1
2023-05-03,13,Stockholm,ST0078,7,103,36.58,0.13,4.76,4245.1,0
2023-01-20,20,Houston,ST0416,22,55,27.34,0.2,5.47,4946.65,1
2018-12-12,19,Stockholm,ST0331,11,46,12.42,0.2,2.48,4503.99,1
2018-06-10,18,Denver,ST0363,50,104,32.32,0.2,6.46,5450.17,1
2022-12-05,20,Stockholm,ST0268,100,53,27.39,0.36,9.86,4444.13,1
2019-10-13,20,Paris,ST0191,22,26,23.9,0.16,3.82,4786.91,1
2022-05-06,16,Madrid,ST0397,22,64,30.27,0.13,3.94,4968.56,0
2025-08-12,14,Dublin,ST0027,150,19,19.19,0.2,3.84,6070.14,0
2025-04-05,20,London,ST0034,22,17,17.22,0.29,4.99,6013.09,1
2019-01-23,10,Oslo,ST0348,50,10,28.55,0.25,7.14,4380.07,0
2021-03-09,20,Boston,ST0371,150,10,19.22,0.24,4.61,5439.0,1
2024-10-04,12,Phoenix,ST0171,7,46,18.89,0.24,4.53,4367.9,0
2024-07-14,15,Osaka,ST0073,22,25,24.26,0.28,6.79,4779.71,0
2021-06-24,18,Tokyo,ST0358,150,16,18.42,0.22,4.05,6244.08,1
2022-05-25,12,Phoenix,ST0305,150,74,31.86,0.24,7.65,5746.77,0
2018-12-14,19,Miami,ST0287,50,52,23.97,0.31,7.43,5524.13,1
2025-03-20,14,London,ST0417,11,18,19.15,0.16,3.06,4824.82,0
2025-07-07,23,Seoul,ST0425,150,35,21.99,0.22,4.84,5472.16,0
2025-09-08,6,Stockholm,ST0048,150,32,22.9,0.3,6.87,4465.63,0
2025-07-09,8,Madrid,ST0261,22,57,21.66,0.14,3.03,4434.48,0
2018-03-16,17,Paris,ST0159,11,32,10.81,0.28,3.03,5520.69,1
2020-05-27,21,London,ST0486,50,22,19.63,0.22,4.32,5297.93,1
2020-02-26,21,Denver,ST0071,11,30,22.01,0.25,5.5,5735.95,1
2018-11-13,21,Miami,ST0433,7,60,25.62,0.32,8.2,5227.36,1
2023-09-11,13,Sydney,ST0277,150,73,30.25,0.19,5.75,4641.25,0
2023-11-27,19,New York,ST0339,22,54,25.47,0.24,6.11,5831.84,1
2024-12-06,23,Phoenix,ST0306,50,48,28.47,0.15,4.27,5272.83,0
2019-09-24,23,San Francisco,ST0093,150,40,18.56,0.17,3.16,4489.43,0
2025-01-02,14,San Francisco,ST0370,50,37,15.41,0.22,3.39,5292.79,0
2018-06-28,13,Madrid,ST0187,150,75,29.55,0.29,8.57,4549.3,0
2020-08-30,22,Rome,ST0313,22,23,25.21,0.23,5.8,5317.47,0
2023-01-13,12,Denver,ST0274,11,27,24.23,0.15,3.63,5068.51,0
2021-06-21,11,Amsterdam,ST0463,11,61,19.16,0.26,4.98,5109.45,0
2022-02-15,14,Osaka,ST0485,100,56,26.02,0.18,4.68,4379.81,0
2022-12-10,8,Rome,ST0394,22,51,16.3,0.23,3.75,4593.46,0
2022-04-14,21,Stockholm,ST0271,50,38,20.91,0.27,5.65,5171.18,1
2019-10-26,19,Seattle,ST0411,100,54,16.8,0.27,4.54,5253.44,1
2019-07-21,12,Boston,ST0027,150,40,22.6,0.21,4.75,4997.34,0
2023-05-23,23,Paris,ST0284,7,66,19.36,0.26,5.03,5701.9,0
2025-12-23,19,Stockholm,ST0436,7,66,35.98,0.29,10.43,5148.58,1
2021-03-13,23,Chicago,ST0391,11,47,23.76,0.2,4.75,5836.74,0
2021-01-22,13,Rome,ST0464,100,75,29.5,0.12,3.54,5061.82,0
2019-08-27,7,Madrid,ST0047,11,57,29.27,0.18,5.27,4818.84,0
2023-01-22,23,Paris,ST0477,7,34,16.79,0.32,5.37,6008.44,0
2022-08-27,18,New York,ST0203,100,65,32.51,0.17,5.53,4747.38,1
2022-03-12,23,Denver,ST0198,7,78,30.17,0.16,4.83,6074.23,0
2022-03-16,15,Denver,ST0015,22,38,24.27,0.33,8.01,5324.07,0
2019-02-10,20,Seoul,ST0333,22,54,24.7,0.26,6.42,3734.01,1
2019-08-22,16,Phoenix,ST0020,22,49,18.12,0.25,4.53,4790.26,0
2023-04-20,23,Seoul,ST0426,11,76,24.79,0.21,5.21,5022.19,0
2025-11-29,15,Amsterdam,ST0230,100,48,19.97,0.14,2.8,5191.23,0
2018-01-22,21,Chicago,ST0010,22,28,25.84,0.18,4.65,5149.93,1
2020-06-02,22,Phoenix,ST0281,150,44,25.55,0.18,4.6,4943.98,0
2024-10-29,16,Stockholm,ST0217,7,30,20.72,0.11,2.28,4657.29,0
2021-03-26,16,Denver,ST0155,7,39,21.47,0.22,4.72,5145.61,0
2018-07-15,22,Denver,ST0215,150,32,15.82,0.15,2.37,4759.69,0
2024-12-26,16,Rome,ST0033,7,29,15.0,0.19,2.85,4970.71,0
2023-08-10,20,Dublin,ST0275,7,33,19.9,0.16,3.18,4963.86,1
2025-02-01,13,Stockholm,ST0295,11,56,15.79,0.19,3.0,4973.72,0
2019-08-12,18,Miami,ST0220,7,98,31.51,0.15,4.73,4938.3,1
2024-11-23,9,Paris,ST0124,100,43,18.99,0.28,5.32,4481.21,0
2022-09-03,17,San Francisco,ST0341,150,32,30.53,0.2,6.11,5878.42,1
2018-12-17,22,Stockholm,ST0500,22,54,26.32,0.25,6.58,4081.46,0
2018-10-05,16,Stockholm,ST0279,100,61,25.08,0.12,3.01,4894.1,0
2023-09-11,23,Oslo,ST0011,50,69,25.97,0.29,7.53,4880.63,0
2023-04-10,9,New York,ST0326,50,26,28.93,0.2,5.79,4674.05,0
2022-03-10,16,Boston,ST0383,7,83,36.09,0.38,13.71,4884.84,0
2022-01-02,19,Chicago,ST0177,11,14,27.06,0.14,3.79,5096.65,1
2025-05-15,12,Tokyo,ST0054,100,33,17.77,0.18,3.2,4541.53,0
2021-09-23,15,Phoenix,ST0023,22,61,19.8,0.24,4.75,5488.16,0
2024-02-15,15,London,ST0417,150,30,20.45,0.3,6.13,4978.84,0
2019-12-19,15,Sydney,ST0351,50,54,18.97,0.27,5.12,5080.18,0
2025-10-19,16,Amsterdam,ST0324,11,28,16.93,0.26,4.4,5502.2,0
2019-07-07,14,Chicago,ST0367,50,54,14.04,0.18,2.53,4820.65,0
2018-06-01,13,Miami,ST0104,7,26,17.78,0.24,4.27,4737.46,0
2020-03-28,6,New York,ST0162,22,10,16.17,0.25,4.04,3310.91,0
2023-10-13,15,Berlin,ST0418,100,34,29.02,0.19,5.51,5107.58,0
2023-04-24,18,Boston,ST0019,150,10,23.04,0.24,5.53,5206.3,1
2020-02-22,23,Miami,ST0183,7,10,27.82,0.2,5.56,5214.96,0
2025-05-09,17,London,ST0140,7,36,19.47,0.24,4.67,4159.3,1
2022-02-16,21,Madrid,ST0456,50,36,16.67,0.19,3.17,5615.25,1
2022-12-07,15,Berlin,ST0174,11,52,20.59,0.27,5.56,5225.09,0
2023-07-26,23,Seoul,ST0255,22,41,26.26,0.23,6.04,5712.99,0
2023-10-28,14,Boston,ST0411,7,59,24.11,0.22,5.3,4922.3,0
2022-10-05,19,Chicago,ST0221,100,42,24.11,0.33,7.96,5469.18,1
2020-01-10,22,Oslo,ST0151,22,35,17.75,0.29,5.15,5449.04,0
2019-02-25,23,Chicago,ST0168,150,32,20.69,0.11,2.28,4846.53,0
2021-04-25,22,Miami,ST0229,100,35,25.4,0.21,5.33,5203.64,0
2022-10-12,12,San Francisco,ST0354,50,46,8.56,0.21,1.8,3959.02,0
2021-12-10,23,Rome,ST0022,150,60,27.53,0.33,9.09,4595.68,0
2021-12-15,23,Dublin,ST0223,22,63,24.38,0.3,7.31,4504.36,0
2025-03-04,13,New York,ST0039,150,32,19.2,0.15,2.88,5448.32,0
2025-02-24,16,Berlin,ST0187,100,52,21.39,0.09,1.92,5040.58,0
2025-08-14,8,San Francisco,ST0488,7,43,16.32,0.36,5.87,5180.96,0
2019-08-08,18,Dublin,ST0348,50,70,22.17,0.26,5.76,5048.58,1
2018-05-23,19,Phoenix,ST0035,11,70,30.06,0.24,7.21,4172.81,1
2025-03-27,13,Paris,ST0186,50,42,23.51,0.14,3.29,6059.87,0
2024-05-12,23,New York,ST0310,11,57,25.2,0.21,5.29,4584.84,0
2025-08-13,18,Rome,ST0486,22,50,17.79,0.24,4.27,4853.54,1
2022-03-04,8,Rome,ST0391,7,27,19.17,0.35,6.71,5014.96,0
2024-06-08,11,Phoenix,ST0272,22,54,16.74,0.3,5.02,4551.41,0
2022-06-19,17,London,ST0333,22,71,20.08,0.12,2.41,4628.54,1
2020-10-19,23,Houston,ST0014,150,14,5.52,0.19,1.05,5257.95,0
2020-02-02,23,Amsterdam,ST0266,50,35,20.14,0.3,6.04,4105.7,0
2024-04-19,16,Houston,ST0135,22,48,26.01,0.18,4.68,4941.24,0
2025-11-23,5,Rome,ST0110,100,31,23.99,0.15,3.6,4725.44,0
2021-03-15,20,Seoul,ST0470,50,38,23.41,0.15,3.51,4890.34,1
2020-03-30,21,Houston,ST0070,7,48,20.83,0.24,5.0,5360.61,1
2023-01-26,7,San Francisco,ST0461,150,68,24.48,0.25,6.12,5336.54,0
2022-12-29,11,Chicago,ST0415,150,30,20.16,0.17,3.43,5668.1,0
2021-08-02,13,Osaka,ST0178,150,33,22.98,0.14,3.22,4654.09,0
2018-09-23,19,Oslo,ST0278,22,38,22.09,0.18,3.98,4211.14,1
2021-05-13,19,San Francisco,ST0365,150,80,27.69,0.24,6.65,5337.13,1
2025-11-08,11,Tokyo,ST0090,22,79,28.49,0.33,9.4,4467.45,0
2023-09-15,23,Denver,ST0063,11,60,27.97,0.24,6.71,4947.6,0
2019-07-23,23,Denver,ST0405,50,47,13.8,0.14,1.93,4922.3,0
2018-04-18,19,Paris,ST0284,100,43,29.25,0.08,2.34,5068.81,1
2022-02-20,8,Rome,ST0412,100,60,24.73,0.25,6.18,4326.97,0
2019-06-16,23,Dublin,ST0453,7,65,28.72,0.21,6.03,5364.8,0
2018-09-27,14,Miami,ST0204,150,62,33.69,0.29,9.77,4549.95,0
2023-05-15,19,Stockholm,ST0211,50,19,23.14,0.25,5.79,4037.66,1
2024-06-12,12,Chicago,ST0065,22,39,21.18,0.14,2.96,5019.19,0
2025-03-16,19,Chicago,ST0231,50,41,19.14,0.29,5.55,5784.27,1
2025-08-17,15,Stockholm,ST0177,11,32,24.3,0.19,4.62,4827.49,0
2024-03-08,21,Tokyo,ST0301,11,10,25.79,0.23,5.93,4817.42,1
2019-06-13,17,Madrid,ST0258,7,44,14.62,0.32,4.68,4919.16,1
2019-05-24,20,Stockholm,ST0079,22,64,20.57,0.25,5.14,4848.48,1
2019-11-06,22,San Francisco,ST0166,150,10,18.7,0.18,3.37,5230.95,0
2020-07-12,20,Paris,ST0486,100,30,18.04,0.21,3.79,4523.84,1
2021-03-09,22,Chicago,ST0129,11,37,7.91,0.19,1.5,4452.35,0
2025-02-14,9,Oslo,ST0141,11,20,20.95,0.31,6.49,4920.38,0
2025-01-04,14,Miami,ST0315,100,54,22.18,0.17,3.77,4291.56,0
2019-01-18,9,Stockholm,ST0329,11,37,23.23,0.21,4.88,4564.94,0
2024-08-21,13,Helsinki,ST0079,11,57,18.25,0.27,4.93,4331.91,0
2025-05-22,14,Dublin,ST0369,100,15,17.29,0.29,5.01,5106.99,0
2021-10-14,22,Helsinki,ST0022,7,55,19.08,0.2,3.82,4626.23,0
2018-11-29,23,New York,ST0486,150,21,24.99,0.28,7.0,5974.76,0
2024-06-20,15,Boston,ST0334,11,59,36.49,0.18,6.57,4178.43,0
2024-06-01,8,Madrid,ST0317,150,59,15.66,0.19,2.98,4941.31,0
2018-05-05,18,Amsterdam,ST0456,150,53,25.47,0.31,7.9,4485.73,1
2024-02-13,14,Miami,ST0329,22,29,25.63,0.28,7.18,5108.14,0
2023-06-02,23,Denver,ST0413,150,21,28.86,0.33,9.52,5443.24,0
2022-07-22,23,Miami,ST0233,7,11,16.7,0.17,2.84,5387.53,0
2025-09-21,12,New York,ST0081,50,60,32.05,0.27,8.65,5010.09,0
2022-08-30,13,Amsterdam,ST0238,11,28,27.61,0.27,7.45,4850.92,0
2021-10-25,15,Dublin,ST0074,22,10,13.85,0.35,4.85,4215.16,0
2021-07-31,18,Singapore,ST0441,22,65,19.53,0.23,4.49,5407.06,1
2022-06-22,18,Phoenix,ST0390,22,102,21.9,0.29,6.35,4861.19,1
2023-10-11,21,Oslo,ST0055,22,53,20.69,0.24,4.97,4073.83,1
2020-09-17,21,Rome,ST0063,22,50,27.19,0.29,7.89,5212.58,1
2023-01-16,18,Denver,ST0073,7,27,17.68,0.3,5.3,5648.88,1
2018-07-27,16,Miami,ST0485,50,45,18.88,0.3,5.66,5228.22,0
2024-11-25,23,Madrid,ST0128,11,27,19.35,0.24,4.64,5360.64,0
2021-09-03,16,Helsinki,ST0370,22,27,25.65,0.27,6.92,4464.45,0
2020-02-17,23,Sydney,ST0082,50,68,26.83,0.23,6.17,5344.35,0
2023-10-10,13,Rome,ST0256,22,45,12.64,0.28,3.54,4029.81,0
2023-07-31,23,Los Angeles,ST0047,50,38,21.5,0.18,3.87,4901.99,0
2023-09-02,23,Rome,ST0495,11,10,25.58,0.24,6.14,4458.83,0
2020-05-31,12,Helsinki,ST0181,7,78,22.63,0.14,3.17,5399.19,0
2018-07-27,19,Miami,ST0254,100,26,22.2,0.15,3.33,5519.22,1
2025-05-03,23,Osaka,ST0241,22,55,26.41,0.34,8.98,5065.48,0
2024-01-08,12,Los Angeles,ST0434,7,53,34.79,0.15,5.22,4698.43,0
2022-11-01,20,Phoenix,ST0452,22,43,18.25,0.3,5.47,6133.01,1
2022-02-07,18,Sydney,ST0207,22,26,13.38,0.24,3.21,5465.44,1
2018-07-05,20,Berlin,ST0027,100,44,20.33,0.14,2.85,5398.71,1
2024-04-20,22,Seattle,ST0186,100,14,27.63,0.26,7.18,5750.31,0
2021-03-28,11,Chicago,ST0198,100,17,19.3,0.26,5.02,5695.36,0
2023-01-19,21,Sydney,ST0282,22,40,17.67,0.31,5.48,4508.32,1
2024-12-27,23,Osaka,ST0313,7,39,30.63,0.27,8.27,5014.03,0
2019-06-12,15,Houston,ST0202,22,38,24.7,0.23,5.68,4601.9,0
2021-10-20,17,Oslo,ST0481,22,46,12.88,0.25,3.22,4401.64,1
2019-08-14,12,Seattle,ST0309,100,11,10.35,0.13,1.35,4426.89,0
2022-07-03,23,Stockholm,ST0021,7,34,22.97,0.25,5.74,5117.41,0
2018-06-09,17,Phoenix,ST0366,22,21,27.77,0.35,9.72,4109.77,1
2023-04-25,12,Stockholm,ST0234,11,39,17.86,0.26,4.64,4447.29,0
2024-10-19,23,Stockholm,ST0072,22,68,27.22,0.29,7.89,5621.84,0
2024-11-16,15,London,ST0084,50,28,21.75,0.28,6.09,4956.53,0
2024-11-30,10,Singapore,ST0432,22,28,20.99,0.21,4.41,5770.23,0
2024-08-28,11,London,ST0260,100,55,32.05,0.38,12.18,4645.98,0
2023-12-21,20,Amsterdam,ST0363,100,56,25.7,0.21,5.4,5220.78,1
2021-05-12,5,Amsterdam,ST0418,7,58,25.59,0.2,5.12,5725.79,0
2022-02-17,14,London,ST0345,7,36,32.28,0.16,5.16,4634.05,0
2022-09-03,17,Helsinki,ST0158,150,61,26.36,0.13,3.43,4679.35,1
2025-09-19,14,Tokyo,ST0014,100,43,25.29,0.25,6.32,3993.15,0
2023-04-28,23,Boston,ST0496,150,50,30.92,0.25,7.73,5634.35,0
2024-06-27,20,Helsinki,ST0117,150,71,29.13,0.21,6.12,6152.74,1
2018-07-30,22,Helsinki,ST0246,11,56,18.34,0.13,2.38,5159.71,0
2023-11-18,18,Tokyo,ST0370,100,32,22.54,0.33,7.44,5297.88,1
2022-04-07,12,Phoenix,ST0421,150,42,19.02,0.19,3.61,4609.25,0
2020-09-19,15,New York,ST0294,150,19,19.64,0.18,3.54,3413.84,0
2019-03-27,23,Seattle,ST0010,50,66,24.04,0.22,5.29,4470.33,0
2021-07-08,23,Madrid,ST0078,50,82,28.62,0.29,8.3,5162.14,0
2025-09-29,11,Seattle,ST0211,100,36,22.98,0.19,4.37,4702.59,0
2024-11-09,17,Amsterdam,ST0447,150,43,23.42,0.15,3.51,4575.18,1
2018-09-13,11,Seoul,ST0071,100,64,15.15,0.3,4.55,5473.78,0
2020-04-29,16,Oslo,ST0167,150,10,17.39,0.22,3.83,4384.27,0
2023-05-14,15,Stockholm,ST0193,22,75,30.32,0.16,4.85,4122.5,0
2019-12-11,16,Rome,ST0468,100,40,25.28,0.18,4.55,5176.87,0
2021-11-03,23,Oslo,ST0182,150,61,25.08,0.21,5.27,4881.98,0
2025-08-20,23,Tokyo,ST0412,150,32,22.07,0.22,4.85,4797.37,0
2020-12-18,11,Dublin,ST0248,11,51,23.81,0.26,6.19,4548.46,0
2020-10-06,23,Boston,ST0286,22,27,29.8,0.1,2.98,5296.59,0
2020-07-10,20,Miami,ST0395,22,29,23.6,0.31,7.32,3886.0,1
2025-11-27,20,Seattle,ST0354,150,10,14.37,0.33,4.74,4666.6,1
2023-06-26,12,London,ST0246,22,41,33.26,0.09,2.99,4347.38,0
2024-04-14,23,Singapore,ST0141,22,82,27.32,0.13,3.55,6117.21,0
2019-05-15,23,Helsinki,ST0347,100,58,20.9,0.22,4.6,4963.41,0
2022-04-05,19,Berlin,ST0420,22,74,31.28,0.14,4.38,5693.36,1
2019-08-23,19,Miami,ST0022,22,58,32.29,0.14,4.52,4991.26,1
2018-11-20,15,Paris,ST0474,50,13,21.29,0.4,8.52,3965.14,0
2025-05-10,17,Boston,ST0383,50,57,25.46,0.21,5.35,4292.21,1
2020-05-26,19,Seattle,ST0424,100,29,10.53,0.3,3.16,5401.31,1
2021-01-15,18,Oslo,ST0357,22,49,29.25,0.24,7.02,5429.02,1
2019-07-17,16,Houston,ST0316,150,71,28.12,0.23,6.47,4297.47,0
2024-07-31,19,Denver,ST0125,7,28,18.17,0.16,2.91,4419.56,1
2025-07-06,23,Stockholm,ST0116,150,71,36.12,0.13,4.7,5140.11,0
2020-08-11,11,New York,ST0052,50,31,17.13,0.31,5.31,4590.4,0
2021-09-14,23,Seoul,ST0242,7,57,36.36,0.12,4.36,5735.05,0
2025-08-22,23,Sydney,ST0071,7,25,26.04,0.24,6.25,4950.4,0
2024-03-04,13,San Francisco,ST0209,150,30,31.85,0.22,7.01,5278.46,0
2023-05-03,14,Amsterdam,ST0334,11,29,26.89,0.13,3.5,4679.95,0
2021-03-22,18,London,ST0147,150,47,22.74,0.25,5.69,5297.41,1
2018-08-31,21,Sydney,ST0046,150,25,19.58,0.3,5.87,5445.64,1
2024-06-09,11,Denver,ST0274,150,52,14.35,0.22,3.16,5726.28,0
2018-06-02,13,San Francisco,ST0214,11,28,25.18,0.11,2.77,4544.34,0
2018-05-29,20,Berlin,ST0404,50,32,20.66,0.27,5.58,5193.41,1
2020-02-03,19,Singapore,ST0493,22,38,24.41,0.21,5.13,5206.54,1
2018-06-03,15,Los Angeles,ST0153,100,41,17.97,0.22,3.95,4466.38,0
2024-10-04,12,Houston,ST0476,22,50,25.06,0.27,6.77,4624.69,0
2021-03-11,20,Rome,ST0329,100,56,26.94,0.16,4.31,5082.46,1
2023-11-18,19,Amsterdam,ST0456,11,45,12.97,0.23,2.98,6038.14,1
2023-08-28,16,Rome,ST0140,11,30,23.47,0.24,5.63,5510.23,0
2019-04-07,11,London,ST0084,150,59,28.03,0.21,5.89,5001.47,0
2023-02-23,23,Tokyo,ST0132,150,62,19.72,0.28,5.52,5006.56,0
2020-02-02,18,Los Angeles,ST0378,22,46,22.77,0.3,6.83,4909.22,1
2021-04-23,12,Helsinki,ST0346,11,37,23.33,0.31,7.23,5134.88,0
2019-12-20,13,Dublin,ST0439,150,94,30.6,0.31,9.49,4806.56,0
2022-07-19,20,Madrid,ST0264,22,61,31.41,0.29,9.11,5461.74,1
2018-12-22,16,Berlin,ST0343,7,33,23.62,0.29,6.85,4803.13,0
2020-01-27,23,Phoenix,ST0245,22,74,22.3,0.16,3.57,4979.01,0
2020-10-13,19,Los Angeles,ST0134,50,34,28.84,0.25,7.21,5015.09,1
2020-08-22,10,Rome,ST0386,22,18,21.57,0.08,1.73,5292.58,0
2021-09-12,17,Miami,ST0299,150,109,42.62,0.21,8.95,4957.31,1
2024-06-04,22,Los Angeles,ST0134,150,79,19.29,0.09,1.74,4706.14,0
2022-01-12,20,Seoul,ST0121,7,54,29.83,0.14,4.18,3861.24,1
2025-06-28,22,Houston,ST0239,22,28,11.27,0.23,2.59,5381.66,0
2019-10-17,17,Berlin,ST0352,100,35,21.4,0.19,4.07,4251.59,1
2025-11-21,14,Sydney,ST0160,150,55,26.21,0.23,6.03,4387.26,0
2019-04-26,17,Tokyo,ST0470,22,10,20.09,0.32,6.43,4183.3,1
2022-02-14,15,Dublin,ST0114,11,51,30.38,0.19,5.77,4575.41,0
2019-07-02,8,Amsterdam,ST0079,50,47,33.85,0.24,8.12,4784.26,0
2024-10-17,19,Paris,ST0213,150,44,19.21,0.28,5.38,5069.74,1
2024-02-28,18,Amsterdam,ST0388,100,25,27.52,0.27,7.43,4693.61,1
2025-06-13,23,Seattle,ST0391,11,35,18.29,0.17,3.11,4147.63,0
2025-08-18,20,Sydney,ST0306,7,10,13.06,0.08,1.04,4909.2,1
2023-11-23,17,Rome,ST0271,150,38,17.35,0.14,2.43,5141.57,1
2022-01-21,15,Chicago,ST0470,100,51,19.69,0.23,4.53,5530.41,0
2019-04-05,20,New York,ST0425,100,36,23.61,0.2,4.72,4998.36,1
2023-09-02,16,Seattle,ST0294,100,41,23.98,0.15,3.6,4407.98,0
2019-09-06,11,San Francisco,ST0168,100,12,13.35,0.23,3.07,4327.02,0
2022-12-15,20,Houston,ST0349,11,45,13.56,0.27,3.66,5359.63,1
2024-07-16,13,Amsterdam,ST0047,100,53,20.08,0.23,4.62,4208.06,0
2022-12-30,9,New York,ST0233,11,37,21.82,0.19,4.15,4175.27,0
2023-10-04,16,Madrid,ST0234,100,50,23.78,0.23,5.47,4580.04,0
2018-08-25,23,Oslo,ST0237,150,21,22.96,0.3,6.89,5292.29,0
2021-06-16,16,Singapore,ST0012,50,34,27.26,0.12,3.27,4443.98,0
2020-11-08,16,Los Angeles,ST0382,11,69,28.18,0.15,4.23,4777.56,0
2024-06-26,14,Chicago,ST0024,50,30,26.49,0.12,3.18,5690.37,0
2021-11-12,22,Seoul,ST0033,100,66,23.61,0.21,4.96,4317.85,0
2018-09-04,15,Chicago,ST0479,50,54,30.96,0.14,4.33,4741.09,0
2018-05-10,17,Miami,ST0210,11,17,23.0,0.17,3.91,4834.29,1
2019-07-09,15,Sydney,ST0329,150,29,21.44,0.2,4.29,4699.85,0
2025-03-30,14,Madrid,ST0192,50,51,32.39,0.23,7.45,5407.61,0
2023-01-12,11,Berlin,ST0193,7,48,18.27,0.12,2.19,4423.41,0
2025-08-28,23,Osaka,ST0448,100,64,26.9,0.11,2.96,4969.44,0
2019-06-29,19,Tokyo,ST0441,22,48,14.54,0.16,2.33,4906.13,1
2019-05-01,20,San Francisco,ST0276,50,10,18.39,0.23,4.23,5398.36,1
2023-12-07,21,Phoenix,ST0373,11,56,20.72,0.09,1.86,4806.35,1
2018-01-15,23,Sydney,ST0012,22,72,30.19,0.25,7.55,5270.59,0
2023-03-12,15,Osaka,ST0369,100,42,31.39,0.15,4.71,5732.93,0
2022-10-04,16,Oslo,ST0195,11,71,19.49,0.26,5.07,4529.56,0
2020-10-10,10,Rome,ST0178,11,49,28.93,0.16,4.63,4066.2,0
2021-02-03,17,Seattle,ST0480,150,43,25.9,0.29,7.51,4913.9,1
2019-04-08,23,New York,ST0415,150,49,22.15,0.11,2.44,4917.26,0
2022-09-14,16,Dublin,ST0393,7,64,27.99,0.14,3.92,5018.1,0
2020-09-12,21,Seattle,ST0035,7,75,31.44,0.27,8.49,5075.79,1
2024-08-29,19,New York,ST0229,100,69,19.62,0.2,3.92,4572.18,1
2025-07-15,19,Seoul,ST0447,7,69,23.3,0.08,1.86,4767.07,1
2020-09-29,22,Singapore,ST0023,50,55,26.74,0.2,5.35,4407.45,0
2022-12-03,20,Denver,ST0277,11,28,32.28,0.26,8.39,4738.8,1
2018-08-20,14,Phoenix,ST0258,22,43,21.96,0.3,6.59,4961.06,0
2020-08-17,14,Singapore,ST0295,22,82,28.09,0.27,7.58,4588.23,0
2024-06-23,19,Dublin,ST0396,150,51,14.67,0.36,5.28,5584.01,1
2021-08-06,16,Denver,ST0155,11,22,22.38,0.23,5.15,5087.35,0
2025-05-28,18,Stockholm,ST0114,50,55,31.84,0.26,8.28,4462.52,1
2021-05-15,23,Boston,ST0032,100,77,43.0,0.14,6.02,5253.44,0
2024-08-20,7,Singapore,ST0467,11,56,21.98,0.35,7.69,4340.61,0
2025-01-08,9,Osaka,ST0219,100,35,12.32,0.27,3.33,3696.75,0
2023-07-24,18,New York,ST0498,22,10,17.6,0.34,5.98,5110.72,1
2025-03-20,13,Osaka,ST0196,100,44,23.37,0.25,5.84,4170.05,0
2021-07-29,20,Seoul,ST0214,50,10,16.05,0.19,3.05,5280.87,1
2019-09-04,18,Miami,ST0193,11,16,15.0,0.23,3.45,4880.45,1
2024-01-13,15,Amsterdam,ST0124,11,35,25.68,0.18,4.62,4858.68,0
2021-05-16,23,Seoul,ST0074,50,16,10.66,0.27,2.88,4663.32,0
2018-08-25,16,Oslo,ST0212,50,29,20.18,0.33,6.66,5301.79,0
2024-04-01,22,Stockholm,ST0069,50,16,14.16,0.08,1.13,4591.97,0
2020-09-21,22,Boston,ST0105,22,55,23.49,0.22,5.17,4689.53,0
2025-04-02,19,Chicago,ST0473,50,60,17.12,0.24,4.11,5414.7,1
2022-02-28,15,Chicago,ST0275,150,59,39.15,0.21,8.22,5153.27,0
2020-02-20,14,New York,ST0138,50,48,26.06,0.23,5.99,4374.4,0
2025-07-22,19,Dublin,ST0309,7,74,29.12,0.29,8.45,4877.99,1
2018-10-26,21,Seattle,ST0412,100,50,19.25,0.24,4.62,4501.13,1
2025-07-13,14,Oslo,ST0112,50,48,25.25,0.14,3.53,5407.98,0
2020-05-05,20,London,ST0156,7,30,13.91,0.21,2.92,4732.68,1
2020-05-17,18,Seattle,ST0493,150,37,12.4,0.19,2.36,4756.8,1
2019-04-26,21,Singapore,ST0387,50,31,30.11,0.09,2.71,5696.04,1
2020-09-20,16,Seoul,ST0310,150,62,25.84,0.3,7.75,4729.68,0
2020-04-17,12,Berlin,ST0469,11,73,26.19,0.24,6.29,5462.15,0
2024-03-11,12,London,ST0398,22,56,21.77,0.21,4.57,4863.22,0
2022-04-09,10,Rome,ST0274,150,29,28.24,0.28,7.91,4781.62,0
2022-01-11,19,Miami,ST0134,22,39,29.46,0.21,6.19,5113.77,1
2023-10-02,23,Amsterdam,ST0239,7,29,29.27,0.11,3.22,5891.92,0
2023-04-08,16,Sydney,ST0430,22,40,13.35,0.19,2.54,4353.5,0
2020-04-12,14,Paris,ST0161,50,42,27.83,0.23,6.4,5045.15,0
2018-07-07,12,Helsinki,ST0443,11,27,30.23,0.17,5.14,5689.04,0
2019-08-21,16,Los Angeles,ST0134,100,45,28.75,0.31,8.91,4879.6,0
2024-07-20,16,Helsinki,ST0369,50,43,24.85,0.28,6.96,4921.51,0
2021-04-24,21,Phoenix,ST0101,22,77,29.15,0.24,7.0,4277.13,1
2020-07-31,4,Berlin,ST0292,11,52,23.77,0.18,4.28,4796.83,0
2023-08-08,17,Oslo,ST0336,150,67,26.47,0.17,4.5,5440.97,1
2021-10-14,16,Boston,ST0391,50,55,22.21,0.17,3.78,4950.94,0
2025-03-13,18,Singapore,ST0252,50,54,23.14,0.09,2.08,4736.16,1
2019-11-21,21,Singapore,ST0408,22,39,21.45,0.29,6.22,4649.81,1
2019-11-25,10,Phoenix,ST0369,100,41,20.5,0.15,3.07,4694.31,0
2023-06-24,20,San Francisco,ST0470,100,44,24.81,0.35,8.69,4827.82,1
2025-03-13,19,New York,ST0269,7,34,17.85,0.18,3.21,4712.01,1
2018-11-01,19,Osaka,ST0025,7,91,25.34,0.19,4.81,4949.8,1
2022-08-17,19,Phoenix,ST0432,150,50,30.42,0.08,2.43,3808.22,1
2020-08-05,15,Chicago,ST0363,11,66,18.09,0.08,1.45,5157.96,0
2018-02-07,19,Seattle,ST0259,50,23,15.83,0.15,2.37,4998.6,1
2022-03-09,14,New York,ST0317,150,54,10.21,0.16,1.63,4257.8,0
2025-06-24,16,Dublin,ST0468,50,34,26.07,0.09,2.35,4947.02,0
2025-05-24,20,Amsterdam,ST0009,7,82,25.43,0.24,6.1,4099.79,1
2023-12-20,6,Oslo,ST0211,7,61,25.29,0.3,7.59,4034.47,0
2018-03-10,20,Stockholm,ST0370,22,82,29.94,0.24,7.19,5024.03,1
2024-01-04,10,Miami,ST0009,100,72,23.59,0.26,6.13,4012.83,0
2025-10-29,12,Osaka,ST0221,11,73,25.02,0.32,8.01,4800.98,0
2019-03-15,8,Houston,ST0269,11,62,22.49,0.27,6.07,4762.57,0
2020-09-14,10,Seattle,ST0318,100,48,34.74,0.25,8.69,4810.21,0
2020-10-30,23,Paris,ST0137,50,49,24.93,0.14,3.49,5176.63,0
2018-11-20,23,Paris,ST0492,50,28,28.48,0.21,5.98,4630.05,0
2023-02-24,22,Helsinki,ST0125,150,39,26.48,0.2,5.3,5016.0,0
2020-07-14,20,Miami,ST0351,7,50,14.02,0.14,1.96,5420.79,1
2025-05-01,17,Tokyo,ST0389,7,34,15.29,0.14,2.14,3890.25,1
2019-01-18,17,Berlin,ST0195,50,33,17.13,0.22,3.77,5090.49,1
2024-03-13,23,Amsterdam,ST0029,150,14,25.48,0.29,7.39,4672.36,0
2018-02-08,19,Seoul,ST0088,7,35,23.13,0.33,7.63,5275.32,1
2023-08-10,20,Madrid,ST0331,22,36,14.9,0.21,3.13,5562.9,1
2024-05-06,10,Houston,ST0459,100,23,21.39,0.15,3.21,4389.3,0
2018-06-24,15,Denver,ST0109,150,17,15.17,0.27,4.1,4206.99,0
2024-05-10,10,Amsterdam,ST0139,7,32,25.5,0.21,5.35,4569.71,0
2018-11-01,18,Osaka,ST0474,22,10,21.67,0.25,5.42,4742.04,1
2024-02-03,23,Helsinki,ST0337,7,22,26.28,0.23,6.04,4896.84,0
2020-01-05,17,London,ST0009,11,42,29.14,0.14,4.08,4575.31,1
2024-08-01,23,Phoenix,ST0386,150,33,26.46,0.34,9.0,4864.95,0
2022-06-20,21,Chicago,ST0154,11,21,24.29,0.23,5.59,5253.69,1
2024-04-28,14,Denver,ST0291,50,11,21.84,0.08,1.75,4708.67,0
2025-08-05,22,Oslo,ST0170,50,48,33.5,0.29,9.72,4747.06,0
2019-07-28,18,Seoul,ST0371,7,44,15.37,0.15,2.31,4641.1,1
2023-08-14,7,Singapore,ST0499,22,45,22.15,0.1,2.22,4930.72,0
2018-08-08,21,Houston,ST0224,11,49,22.26,0.26,5.79,5349.15,1
2018-11-08,19,London,ST0310,100,28,22.74,0.3,6.82,4672.66,1
2024-09-05,23,Berlin,ST0497,22,34,22.24,0.17,3.78,5160.6,0
2018-05-02,9,Tokyo,ST0140,50,34,16.62,0.23,3.82,5243.7,0
2023-07-03,21,Denver,ST0183,100,10,29.41,0.24,7.06,4649.39,1
2022-03-18,18,Madrid,ST0096,150,48,20.43,0.23,4.7,4637.97,1
2024-07-27,15,Osaka,ST0195,7,31,14.56,0.23,3.35,5150.88,0
2024-12-08,20,Miami,ST0409,11,61,26.94,0.18,4.85,5427.6,1
2025-12-30,11,Chicago,ST0043,22,26,16.3,0.3,4.89,5256.59,0
2019-09-24,20,Berlin,ST0365,150,66,21.52,0.24,5.17,4923.51,1
2019-09-24,22,Singapore,ST0200,22,42,21.12,0.26,5.49,5462.55,0
2022-01-17,14,Houston,ST0047,7,43,17.87,0.08,1.43,4951.7,0
2021-06-16,21,Rome,ST0185,22,50,14.25,0.2,2.85,3867.83,1
2019-02-23,23,Phoenix,ST0045,11,23,27.04,0.29,7.84,4617.85,0
2022-11-01,12,Rome,ST0286,100,52,20.02,0.23,4.6,4578.66,0
2023-09-30,9,Madrid,ST0053,7,10,20.33,0.18,3.66,4484.79,0
2019-01-03,21,Paris,ST0284,7,68,24.8,0.2,4.96,5269.26,1
2024-09-11,11,Dublin,ST0402,22,49,26.64,0.27,7.19,3858.18,0
2022-04-27,14,Los Angeles,ST0150,50,27,21.74,0.25,5.43,5615.31,0
2022-05-08,15,Sydney,ST0044,150,35,27.95,0.24,6.71,5545.62,0
2024-04-10,19,Denver,ST0293,100,21,13.85,0.11,1.52,5266.44,1
2019-11-26,23,Osaka,ST0195,11,81,31.94,0.3,9.58,4797.73,0
2019-07-23,12,Boston,ST0155,22,62,27.53,0.23,6.33,5043.8,0
2023-07-13,19,Phoenix,ST0033,11,70,32.87,0.26,8.55,5434.4,1
2022-11-16,20,Boston,ST0216,22,35,25.98,0.12,3.12,5530.88,1
2023-06-07,12,Chicago,ST0185,22,50,19.77,0.26,5.14,4802.13,0
2020-10-07,10,Singapore,ST0321,50,53,21.47,0.28,6.01,4786.54,0
2024-08-29,19,Dublin,ST0101,50,25,18.05,0.19,3.43,5380.56,1
2019-03-15,23,Phoenix,ST0156,7,28,26.74,0.08,2.14,4469.88,0
2022-06-09,13,London,ST0431,100,17,12.12,0.25,3.03,4701.45,0
2022-04-06,19,London,ST0226,22,58,26.29,0.27,7.1,4950.39,1
2022-10-30,12,Tokyo,ST0499,100,66,22.97,0.15,3.45,4742.94,0
2019-07-12,13,Miami,ST0165,100,36,24.04,0.24,5.77,4407.25,0
2025-10-18,15,Seattle,ST0246,22,66,28.4,0.37,10.51,5503.67,0
2019-12-29,23,Berlin,ST0496,22,17,23.86,0.22,5.25,4779.95,0
2021-04-08,18,Singapore,ST0356,150,63,28.06,0.16,4.49,5343.49,1
2023-07-05,14,Helsinki,ST0401,11,49,22.36,0.2,4.47,5252.57,0
2021-08-27,12,Berlin,ST0144,50,83,18.85,0.18,3.39,5000.52,0
2022-02-04,20,Houston,ST0478,100,42,22.75,0.25,5.69,4875.48,1
2020-03-29,23,Helsinki,ST0280,11,61,29.68,0.15,4.45,5039.04,0
2025-08-24,16,Sydney,ST0282,7,24,22.68,0.18,4.08,5238.43,0
2023-03-06,12,Seoul,ST0108,50,79,23.0,0.24,5.52,5227.92,0
2021-04-08,15,Seoul,ST0036,50,62,19.29,0.32,6.17,4884.25,0
2025-07-19,15,Amsterdam,ST0072,150,39,26.72,0.18,4.81,4532.22,0
2021-05-25,16,Denver,ST0130,150,21,29.62,0.18,5.33,5354.3,0
2019-09-24,19,Seoul,ST0217,50,25,20.97,0.27,5.66,4869.75,1
2018-10-30,23,Rome,ST0307,50,65,30.39,0.19,5.77,4541.66,0
2024-07-12,14,Berlin,ST0274,100,48,26.49,0.08,2.12,4881.9,0
2025-10-04,18,Madrid,ST0279,7,39,29.14,0.25,7.28,5631.64,1
2022-01-12,16,Seoul,ST0459,100,63,33.74,0.31,10.46,4408.87,0
2024-08-29,16,Tokyo,ST0469,7,38,25.01,0.27,6.75,4500.58,0
2019-03-24,18,Sydney,ST0128,150,10,26.41,0.18,4.75,4993.57,1
2025-06-15,16,Paris,ST0086,150,67,11.85,0.22,2.61,4814.5,0
2024-11-14,15,New York,ST0289,150,79,23.04,0.27,6.22,5070.3,0
2025-08-06,23,Tokyo,ST0205,22,31,18.06,0.3,5.42,5244.88,0
2022-10-30,10,Houston,ST0006,7,34,24.01,0.28,6.72,4456.43,0
2020-11-25,3,Denver,ST0262,150,55,18.5,0.08,1.48,3217.83,0
2023-10-26,22,Oslo,ST0298,150,47,22.51,0.32,7.2,5348.71,0
2024-06-14,23,Denver,ST0229,22,17,19.87,0.11,2.19,4924.78,0
2022-05-22,16,Rome,ST0396,150,57,25.07,0.26,6.52,5271.99,0
2024-08-07,23,Seoul,ST0257,11,38,17.85,0.24,4.29,4630.28,0
2021-11-13,23,Los Angeles,ST0248,7,39,19.85,0.19,3.77,5398.62,0
2021-04-25,17,Madrid,ST0472,7,32,30.17,0.16,4.83,4978.45,1
2019-04-21,21,Singapore,ST0073,22,12,21.84,0.15,3.28,5418.76,1
2021-07-01,13,London,ST0234,11,58,30.49,0.28,8.54,5007.61,0
2023-11-05,16,Amsterdam,ST0179,50,33,29.32,0.17,4.98,4418.73,0
2019-02-04,21,Rome,ST0370,150,29,16.73,0.12,2.01,4745.46,1
2023-01-28,17,London,ST0035,22,49,28.64,0.26,7.45,4859.11,1
2018-07-03,17,Seoul,ST0059,7,55,30.96,0.23,7.12,4729.29,1
2021-11-06,13,Tokyo,ST0056,150,16,23.25,0.26,6.05,5141.69,0
2019-11-05,17,Singapore,ST0125,100,73,24.34,0.29,7.06,4917.99,1
2019-12-16,14,Oslo,ST0082,22,56,26.77,0.24,6.42,4927.71,0
2024-04-12,17,Madrid,ST0491,50,92,34.96,0.27,9.44,5035.74,1
2020-08-07,23,Berlin,ST0323,11,55,24.73,0.2,4.95,5018.47,0
2020-02-03,2,Tokyo,ST0337,50,49,21.44,0.33,7.07,4635.42,0
2022-06-09,12,Los Angeles,ST0378,100,44,18.05,0.25,4.51,4957.67,0
2020-03-19,22,Rome,ST0304,50,29,21.65,0.12,2.6,5377.35,0
2022-05-12,20,Los Angeles,ST0361,11,54,24.49,0.25,6.12,5800.12,1
2020-04-22,16,Boston,ST0386,150,47,18.21,0.16,2.91,4941.74,0
2018-09-14,23,Helsinki,ST0053,100,39,21.5,0.19,4.09,4778.62,0
2020-02-05,19,Paris,ST0167,11,15,26.2,0.17,4.45,5345.77,1
2023-02-18,11,Houston,ST0135,150,58,28.32,0.25,7.08,4336.06,0
2023-06-28,19,Stockholm,ST0495,150,21,19.26,0.29,5.58,5355.38,1
2021-07-07,18,Dublin,ST0199,100,25,24.23,0.22,5.33,3796.75,1
2022-05-27,21,Helsinki,ST0059,22,44,29.29,0.14,4.1,3448.82,1
2021-12-12,19,Rome,ST0317,11,50,15.55,0.15,2.33,6319.8,1
2025-07-22,16,Seoul,ST0410,22,59,21.83,0.08,1.75,4822.18,0
2024-11-21,16,Helsinki,ST0044,150,37,21.87,0.24,5.25,4832.41,0
2019-07-03,11,London,ST0061,11,54,14.73,0.08,1.18,5148.52,0
2021-06-04,20,Houston,ST0094,22,43,16.18,0.17,2.75,4833.36,1
2025-10-11,10,Phoenix,ST0262,50,30,24.86,0.32,7.96,4589.73,0
2022-09-10,21,Dublin,ST0071,100,10,22.5,0.16,3.6,5163.66,1
2022-04-21,16,Madrid,ST0096,50,71,22.15,0.26,5.76,4768.84,0
2025-02-16,17,Oslo,ST0356,150,41,18.69,0.22,4.11,4883.44,1
2019-12-11,19,Oslo,ST0086,50,46,27.51,0.28,7.7,4464.73,1
2021-03-29,22,Phoenix,ST0096,22,21,23.46,0.26,6.1,4078.18,0
2023-01-22,18,Dublin,ST0028,22,35,18.41,0.31,5.71,4606.79,1
2018-02-09,13,Amsterdam,ST0070,11,46,26.95,0.21,5.66,5450.98,0
2022-04-22,20,Oslo,ST0259,150,10,16.55,0.18,2.98,5205.89,1
2023-07-21,4,Madrid,ST0351,50,95,32.06,0.23,7.37,5299.0,0
2022-08-30,23,Seoul,ST0431,50,62,30.18,0.23,6.94,5009.97,0
2023-06-25,15,San Francisco,ST0043,100,28,17.92,0.13,2.33,4833.76,0
2018-05-07,9,Sydney,ST0113,22,48,23.58,0.23,5.42,4513.25,0
2018-05-14,23,Boston,ST0116,100,72,20.42,0.24,4.9,4737.67,0
2021-03-28,12,San Francisco,ST0400,50,18,22.32,0.17,3.79,5313.2,0
2024-05-05,22,Singapore,ST0396,50,72,22.38,0.25,5.59,5345.74,0
2024-03-01,15,Stockholm,ST0058,100,29,29.53,0.24,7.09,5236.09,0
2019-04-13,13,Boston,ST0397,100,20,17.55,0.21,3.69,4298.1,0
2022-02-11,17,Oslo,ST0422,7,11,13.72,0.27,3.7,5196.77,1
2022-12-13,16,Oslo,ST0112,50,24,15.74,0.19,2.99,5205.23,0
2019-02-24,22,Singapore,ST0425,150,35,16.43,0.24,3.94,4593.96,0
2020-10-10,15,Miami,ST0448,7,71,30.66,0.23,7.05,4286.66,0
2023-01-17,19,Boston,ST0179,7,66,24.04,0.31,7.45,5622.54,1
2022-12-04,23,Houston,ST0398,11,51,27.06,0.32,8.66,5291.92,0
2020-05-09,15,Singapore,ST0302,150,36,23.51,0.13,3.06,4822.42,0
2021-12-07,23,Seoul,ST0313,150,10,26.87,0.3,8.06,4837.61,0
2022-10-20,20,San Francisco,ST0316,11,45,29.55,0.29,8.57,4318.16,1
2020-04-26,20,Seattle,ST0413,7,40,23.21,0.17,3.95,5866.93,1
2024-05-24,23,Paris,ST0273,22,30,14.93,0.19,2.84,5236.96,0
2024-09-10,19,Oslo,ST0087,22,70,30.35,0.29,8.8,5164.83,1
2025-11-23,11,Miami,ST0149,100,41,28.22,0.22,6.21,5084.43,0
2020-12-31,16,Stockholm,ST0461,150,24,20.26,0.24,4.86,4573.21,0
2019-01-26,16,Phoenix,ST0493,50,26,26.72,0.2,5.34,5653.24,0
2018-08-31,23,Boston,ST0444,150,43,18.12,0.08,1.45,4296.45,0
2019-06-04,11,Seoul,ST0444,11,72,27.22,0.25,6.8,3718.67,0
2020-10-19,12,Phoenix,ST0365,22,62,26.87,0.21,5.64,5129.92,0
2020-10-10,23,Sydney,ST0432,150,40,23.15,0.23,5.32,6248.64,0
2022-05-28,7,Amsterdam,ST0073,100,58,24.39,0.26,6.34,4408.86,0
2025-02-03,17,Boston,ST0322,50,59,40.64,0.28,11.38,4578.55,1
2022-03-17,15,Rome,ST0039,150,35,13.22,0.2,2.64,5219.3,0
2019-01-17,11,Berlin,ST0264,150,65,28.24,0.17,4.8,4762.19,0
2021-02-13,23,Seoul,ST0480,22,59,25.12,0.2,5.02,5098.8,0
2023-02-06,15,Amsterdam,ST0168,100,10,29.41,0.23,6.76,5116.72,0
2018-01-11,17,Sydney,ST0434,150,30,20.67,0.11,2.27,6061.22,1
2019-01-17,11,Singapore,ST0498,50,24,18.68,0.31,5.79,4801.97,0
2025-02-13,11,Osaka,ST0358,22,70,30.06,0.26,7.81,5198.09,0
2018-09-17,23,Oslo,ST0204,11,88,25.13,0.33,8.29,5252.09,0
2022-10-26,20,Seattle,ST0254,22,11,18.47,0.16,2.95,5387.9,1
2021-08-15,23,Miami,ST0173,100,10,19.09,0.3,5.73,4943.02,0
2024-06-25,21,Phoenix,ST0290,50,52,25.95,0.2,5.19,4415.5,1
2021-11-08,12,Osaka,ST0391,7,59,25.18,0.21,5.29,4628.76,0
2018-07-08,16,Houston,ST0321,50,65,24.12,0.13,3.14,5288.32,0
2018-03-08,16,Houston,ST0476,11,45,31.44,0.22,6.92,5090.34,0
2022-12-13,12,Rome,ST0001,50,40,25.85,0.11,2.84,4943.81,0
2020-04-08,18,Seoul,ST0466,11,45,28.59,0.24,6.86,5713.38,1
2025-04-16,13,Miami,ST0082,22,47,24.06,0.15,3.61,5334.4,0
2019-01-18,23,Tokyo,ST0185,22,44,25.81,0.23,5.94,4706.43,0
2018-12-04,8,Paris,ST0341,150,30,14.64,0.34,4.98,4661.01,0
2019-11-09,16,New York,ST0203,150,62,19.83,0.17,3.37,4933.36,0
2021-06-05,23,Singapore,ST0359,11,55,25.84,0.23,5.94,5263.48,0
2022-10-25,19,Tokyo,ST0047,150,24,21.11,0.14,2.96,5004.98,1
2019-01-25,15,Los Angeles,ST0110,50,95,29.2,0.12,3.5,4849.71,0
2018-11-16,20,Phoenix,ST0304,11,78,24.41,0.11,2.69,5406.07,1
2023-10-29,11,Osaka,ST0228,7,36,21.03,0.22,4.63,5148.71,0
2018-02-03,14,Seoul,ST0176,7,39,22.61,0.23,5.2,4919.35,0
2022-09-26,20,Seoul,ST0068,50,61,27.28,0.25,6.82,4218.02,1
2018-10-18,18,Denver,ST0197,7,54,28.12,0.17,4.78,4642.98,1
2019-02-24,15,Houston,ST0161,22,55,29.77,0.19,5.66,5373.06,0
2021-05-10,18,Phoenix,ST0196,11,42,21.98,0.27,5.94,5110.72,1
2025-03-12,23,Osaka,ST0074,7,27,23.83,0.18,4.29,4620.68,0
2023-12-13,17,Helsinki,ST0005,100,47,38.23,0.21,8.03,4427.83,1
2025-04-16,19,San Francisco,ST0226,22,10,18.74,0.22,4.12,5352.26,1
2020-05-22,22,Tokyo,ST0384,11,34,21.33,0.17,3.63,4461.28,0
2022-08-14,19,Dublin,ST0352,50,19,18.21,0.15,2.73,5227.67,1
2020-06-08,23,Chicago,ST0460,7,18,10.89,0.21,2.29,5011.43,0
2019-07-28,19,Sydney,ST0064,100,36,21.32,0.25,5.33,5485.48,1
2022-04-22,8,Paris,ST0494,50,37,23.51,0.16,3.76,5619.62,0
2021-07-12,14,Phoenix,ST0127,22,44,26.06,0.18,4.69,3960.95,0
2025-03-25,15,Chicago,ST0128,100,65,24.12,0.16,3.86,5359.3,0
2024-09-27,16,Dublin,ST0370,100,34,22.83,0.27,6.16,6102.17,0
2021-03-13,22,Sydney,ST0482,150,68,23.63,0.15,3.54,5065.69,0
2018-04-20,18,Osaka,ST0449,22,23,19.88,0.25,4.97,5119.73,1
2020-04-21,20,Stockholm,ST0311,100,50,21.46,0.18,3.86,4386.38,1
2020-02-12,23,Singapore,ST0201,22,45,22.28,0.15,3.34,6516.93,0
2025-03-31,12,New York,ST0402,11,36,24.4,0.26,6.34,5316.56,0
2023-07-21,23,Berlin,ST0058,11,55,19.32,0.2,3.86,5191.2,0
2023-08-09,23,Tokyo,ST0305,7,17,26.05,0.23,5.99,5483.13,0
2023-12-04,17,Los Angeles,ST0185,22,28,25.11,0.27,6.78,5426.49,1
2019-06-25,17,Berlin,ST0441,100,33,14.17,0.28,3.97,5108.61,1
2022-09-20,13,Paris,ST0280,150,34,19.75,0.12,2.37,4430.14,0
2019-12-09,12,Sydney,ST0242,7,36,18.63,0.11,2.05,5825.8,0
2018-03-10,23,Helsinki,ST0035,7,29,22.84,0.25,5.71,5646.91,0
2020-12-09,13,Seattle,ST0021,7,66,23.18,0.13,3.01,5214.79,0
2022-06-19,23,Stockholm,ST0147,150,96,23.52,0.27,6.35,4849.18,0
2025-12-28,21,Stockholm,ST0393,50,15,13.49,0.17,2.29,5013.43,1
2022-10-01,14,Seoul,ST0206,7,58,30.09,0.26,7.82,5709.77,0
2025-03-08,20,Oslo,ST0276,100,20,27.22,0.18,4.9,5464.08,1
2019-09-18,23,Boston,ST0043,22,54,17.0,0.16,2.72,5689.37,0
2018-11-20,17,Stockholm,ST0472,11,46,27.31,0.27,7.37,5088.66,1
2019-09-29,16,Oslo,ST0168,50,38,26.85,0.26,6.98,4798.75,0
2024-07-30,23,Tokyo,ST0391,150,42,18.78,0.17,3.19,4545.76,0
2025-08-21,16,Tokyo,ST0034,22,69,22.25,0.23,5.12,4580.67,0
2025-11-01,16,Madrid,ST0374,11,14,18.58,0.21,3.9,5164.45,0
2018-08-26,19,Denver,ST0045,50,21,25.94,0.23,5.97,5082.96,1
2019-04-21,17,Rome,ST0314,100,34,23.17,0.25,5.79,4059.23,1
2018-08-14,15,Miami,ST0342,150,39,23.96,0.3,7.19,4509.97,0
2025-05-19,15,Singapore,ST0090,7,34,18.07,0.2,3.61,5257.69,0
2018-02-21,12,Seoul,ST0071,150,53,15.85,0.18,2.85,4638.66,0
2018-02-16,23,San Francisco,ST0255,22,39,11.67,0.08,0.93,5023.71,0
2023-11-13,21,Stockholm,ST0401,150,52,25.08,0.3,7.52,4750.52,1
2020-11-27,22,San Francisco,ST0191,11,12,14.92,0.09,1.34,4862.24,0
2021-01-05,17,Singapore,ST0454,7,47,23.95,0.16,3.83,4840.68,1
2018-05-01,10,London,ST0414,50,72,25.12,0.19,4.77,5594.96,0
2021-01-19,11,Stockholm,ST0033,22,22,15.16,0.22,3.33,4996.45,0
2025-12-27,21,Helsinki,ST0322,7,96,18.27,0.26,4.75,4714.53,1
2023-07-26,15,Rome,ST0262,22,32,17.3,0.34,5.88,5290.33,0
2018-08-16,18,Amsterdam,ST0440,100,72,19.08,0.13,2.48,3847.33,1
2019-11-15,14,Paris,ST0081,22,48,24.27,0.23,5.58,4171.57,0
2019-02-26,22,Helsinki,ST0346,150,49,27.55,0.09,2.48,5205.93,0
2019-04-18,12,Denver,ST0380,100,37,25.11,0.23,5.78,4414.68,0
2018-01-11,18,New York,ST0440,7,14,25.43,0.21,5.34,5521.0,1
2020-09-28,15,New York,ST0242,22,34,18.26,0.28,5.11,4518.32,0
2022-04-18,21,Phoenix,ST0092,7,37,12.56,0.18,2.26,4380.69,1
2024-03-14,18,Seoul,ST0380,150,21,25.15,0.21,5.28,4871.8,1
2022-09-14,21,Denver,ST0165,11,64,25.58,0.17,4.35,4135.33,1
2022-09-01,14,Singapore,ST0164,22,32,22.38,0.2,4.48,5213.47,0
2018-11-16,14,Helsinki,ST0191,7,43,29.08,0.24,6.98,4866.3,0
2023-08-19,14,Osaka,ST0462,7,32,17.59,0.18,3.17,5228.18,0
2020-01-05,16,Denver,ST0412,100,18,29.0,0.24,6.96,4232.53,0
2018-07-08,15,Berlin,ST0036,50,47,32.16,0.14,4.5,5416.67,0
2021-03-02,23,Sydney,ST0433,22,32,20.45,0.15,3.07,4940.08,0
2021-09-02,17,Chicago,ST0284,50,58,30.41,0.17,5.17,3977.98,1
2018-02-02,17,Paris,ST0103,22,50,25.25,0.2,5.05,5003.36,1
2024-04-28,23,Miami,ST0379,100,52,22.37,0.18,4.03,4964.57,0
2020-09-20,23,Rome,ST0189,100,41,22.82,0.19,4.34,5600.78,0
2023-07-14,23,Sydney,ST0398,11,54,24.89,0.22,5.48,3867.42,0
2024-02-17,21,Sydney,ST0408,11,47,25.78,0.17,4.38,4830.9,1
2019-09-09,15,Los Angeles,ST0478,50,65,23.91,0.37,8.85,5111.06,0
2018-04-08,11,Denver,ST0278,22,42,19.78,0.08,1.58,5598.86,0
2025-02-17,21,Seoul,ST0450,7,55,25.43,0.12,3.05,4779.9,1
2021-10-04,22,Los Angeles,ST0389,150,23,8.1,0.2,1.62,4901.53,0
2022-03-22,18,Singapore,ST0373,22,59,28.27,0.24,6.78,5570.84,1
2019-03-02,10,Seattle,ST0272,11,55,27.73,0.13,3.61,4059.5,0
2022-09-16,14,Amsterdam,ST0493,7,31,25.49,0.18,4.59,4453.77,0
2019-08-07,14,Seoul,ST0144,7,67,26.11,0.21,5.48,4829.42,0
2018-06-29,23,Denver,ST0460,100,30,28.18,0.23,6.48,4992.5,0
2022-08-19,23,Seoul,ST0459,22,23,18.99,0.13,2.47,5512.2,0
2023-02-21,23,Singapore,ST0044,100,78,33.48,0.21,7.03,4911.3,0
2019-01-27,9,Stockholm,ST0069,150,85,30.54,0.19,5.8,5466.21,0
2022-06-04,13,Chicago,ST0304,100,53,23.5,0.26,6.11,4822.2,0
2018-09-13,10,Madrid,ST0340,11,46,28.76,0.22,6.33,5202.61,0
2020-08-27,12,Miami,ST0134,22,44,20.16,0.27,5.44,4836.38,0
2022-05-29,21,Seoul,ST0426,150,66,29.38,0.24,7.05,4538.41,1
2021-08-29,17,London,ST0232,22,34,20.36,0.19,3.87,4431.48,1
2020-08-14,8,Chicago,ST0484,11,31,22.69,0.13,2.95,4758.59,0
2019-07-12,23,Sydney,ST0395,100,65,34.02,0.25,8.5,5679.83,0
2019-03-23,14,Phoenix,ST0055,11,32,8.14,0.3,2.44,5582.74,0
2023-01-16,15,Rome,ST0161,50,39,18.91,0.25,4.73,5438.11,0
2019-05-10,9,Oslo,ST0184,11,53,22.98,0.23,5.28,5001.4,0
2023-01-26,17,Miami,ST0238,22,42,21.97,0.29,6.37,5137.26,1
2019-05-07,19,Chicago,ST0081,150,19,18.39,0.28,5.15,4972.4,1
2021-05-31,21,Seoul,ST0357,100,80,32.79,0.23,7.54,4795.68,1
2018-06-15,5,Seattle,ST0428,22,41,21.29,0.25,5.32,4608.21,0
2019-08-31,16,Chicago,ST0365,11,10,14.5,0.25,3.63,5735.95,0
2021-12-28,17,Berlin,ST0263,7,51,28.88,0.16,4.62,5138.94,1
2025-08-05,14,Miami,ST0134,11,62,26.2,0.24,6.29,4493.49,0
2018-05-08,21,Berlin,ST0438,50,86,23.28,0.2,4.66,5128.93,1
2024-03-27,21,Singapore,ST0282,11,33,7.79,0.32,2.49,5331.43,1
2019-01-23,9,Rome,ST0053,11,32,29.68,0.32,9.5,5268.04,0
2019-05-13,17,Los Angeles,ST0032,11,46,22.87,0.3,6.86,4493.54,1
2019-06-20,13,Seattle,ST0422,50,65,25.58,0.32,8.19,4526.56,0
2022-03-05,17,Osaka,ST0323,150,26,21.16,0.12,2.54,4680.81,1
2018-12-11,10,Helsinki,ST0301,22,58,28.54,0.1,2.85,5481.11,0
2018-11-04,23,Los Angeles,ST0034,11,45,20.19,0.42,8.48,4381.29,0
2025-03-30,18,Rome,ST0415,11,48,30.49,0.25,7.62,4732.63,1
2019-01-12,13,London,ST0063,7,38,17.53,0.22,3.86,4548.0,0
2023-03-04,10,New York,ST0087,100,70,23.91,0.13,3.11,4711.52,0
2022-11-10,18,Singapore,ST0203,50,10,20.86,0.15,3.13,5798.95,1
2018-05-01,20,Berlin,ST0350,50,37,18.71,0.21,3.93,5281.25,1
2019-12-09,17,Paris,ST0110,11,40,23.09,0.18,4.16,4760.76,1
2021-01-31,7,Boston,ST0229,11,64,27.17,0.17,4.62,5698.06,0
2018-05-22,18,Dublin,ST0318,100,24,25.16,0.25,6.29,5157.94,1
2020-10-03,15,Tokyo,ST0152,50,54,23.17,0.26,6.02,3940.21,0
2022-08-15,15,Oslo,ST0246,7,79,23.64,0.18,4.26,4670.6,0
2018-12-26,11,Boston,ST0197,11,10,18.05,0.23,4.15,4765.94,0
2022-09-14,17,Seattle,ST0330,100,45,28.51,0.21,5.99,4667.02,1
2020-10-17,16,Tokyo,ST0411,100,56,31.78,0.18,5.72,4996.59,0
2018-03-21,19,Berlin,ST0401,150,25,21.1,0.12,2.53,4079.88,1
2022-01-10,19,Amsterdam,ST0279,50,37,23.45,0.22,5.16,4485.61,1
2021-11-10,17,Helsinki,ST0258,22,20,27.35,0.13,3.56,4851.53,1
2022-05-10,12,Boston,ST0093,7,56,23.06,0.18,4.15,5258.85,0
2021-07-30,18,Dublin,ST0113,7,55,19.69,0.12,2.36,4992.38,1
2021-02-24,16,New York,ST0415,50,57,24.44,0.23,5.62,4106.07,0
2023-12-09,23,Paris,ST0393,100,41,26.41,0.16,4.23,5219.64,0
2020-08-11,11,San Francisco,ST0052,11,54,22.7,0.22,4.99,5159.79,0
2025-05-14,11,Denver,ST0137,100,31,24.01,0.37,8.88,4746.99,0
2018-08-18,20,Sydney,ST0486,11,42,32.75,0.1,3.28,5078.32,1
2024-06-16,9,Berlin,ST0182,11,10,20.69,0.23,4.76,4620.33,0
2019-12-23,17,Denver,ST0304,22,106,29.43,0.26,7.65,4633.03,1
2025-10-28,19,Paris,ST0468,100,40,20.75,0.35,7.26,5551.58,1
2018-04-26,18,Seoul,ST0359,22,10,17.39,0.41,7.13,4814.25,1
2024-05-14,23,Helsinki,ST0073,100,73,27.85,0.16,4.46,3853.76,0
2020-02-11,21,Amsterdam,ST0278,22,28,22.24,0.13,2.89,4876.34,1
2019-12-21,18,Amsterdam,ST0020,7,50,18.43,0.3,5.53,4635.26,1
2018-08-19,9,Denver,ST0309,11,42,23.21,0.23,5.34,5453.91,0
2018-03-23,16,Stockholm,ST0245,7,42,17.52,0.28,4.91,4982.25,0
2021-09-20,15,Dublin,ST0104,11,10,26.42,0.13,3.43,4610.05,0
2021-10-27,19,Seoul,ST0091,22,21,13.05,0.08,1.04,5292.71,1
2018-09-01,15,Los Angeles,ST0076,100,103,25.39,0.16,4.06,4618.86,0
2025-11-26,19,Phoenix,ST0397,7,35,25.26,0.15,3.79,4290.25,1
2023-11-26,9,Paris,ST0492,7,10,16.61,0.2,3.32,4430.72,0
2022-03-11,23,Seoul,ST0483,150,69,24.61,0.09,2.21,4775.07,0
2022-06-09,15,Helsinki,ST0052,22,31,18.23,0.17,3.1,4679.65,0
2021-05-21,14,London,ST0070,11,49,25.68,0.16,4.11,5518.26,0
2022-11-25,13,Tokyo,ST0492,50,12,21.34,0.16,3.42,5006.02,0
2025-04-13,5,London,ST0090,150,72,30.0,0.11,3.3,3980.62,0
2024-04-20,23,Seoul,ST0456,100,30,17.43,0.08,1.39,4854.33,0
2022-01-01,16,Denver,ST0341,100,59,18.08,0.11,1.99,5117.82,0
2019-12-20,23,Berlin,ST0158,150,13,24.97,0.22,5.49,5605.77,0
2025-09-21,17,Miami,ST0066,11,10,18.44,0.29,5.35,4466.89,1
2018-01-08,16,Seoul,ST0486,100,41,8.42,0.34,2.86,4403.0,0
2022-05-23,20,Sydney,ST0495,100,43,29.45,0.25,7.36,4900.33,1
2018-05-13,13,San Francisco,ST0309,22,60,15.83,0.27,4.27,4273.81,0
2024-11-09,23,Denver,ST0328,100,48,26.98,0.23,6.21,4191.73,0
2019-03-03,13,Amsterdam,ST0073,22,58,25.79,0.3,7.74,5064.81,0
2018-11-15,13,Denver,ST0178,22,29,21.99,0.08,1.76,5684.7,0
2019-11-19,20,Tokyo,ST0454,7,69,18.38,0.31,5.7,6089.26,1
2025-12-13,11,Osaka,ST0328,150,60,25.21,0.11,2.77,5067.26,0
2021-10-07,22,Rome,ST0006,22,32,27.67,0.1,2.77,4303.3,0
2020-05-08,18,Denver,ST0355,7,45,19.82,0.28,5.55,5204.72,1
2021-12-06,22,Boston,ST0403,7,42,26.05,0.19,4.95,6071.12,0
2018-01-06,13,New York,ST0198,50,87,28.61,0.12,3.43,5558.5,0
2022-09-15,18,San Francisco,ST0453,50,62,31.56,0.24,7.57,4690.12,1
2023-07-13,22,Berlin,ST0180,100,45,26.83,0.08,2.15,5270.81,0
2022-03-18,14,Houston,ST0425,50,78,30.48,0.24,7.31,5145.06,0
2024-06-25,13,Tokyo,ST0389,150,77,37.2,0.25,9.3,5703.99,0
2020-07-12,15,San Francisco,ST0232,7,29,21.68,0.25,5.42,4689.75,0
2018-05-17,20,Miami,ST0011,22,51,19.13,0.26,4.97,5408.28,1
2020-12-05,18,Houston,ST0038,22,68,20.07,0.25,5.02,4355.15,1
2019-11-28,12,Berlin,ST0083,150,32,17.13,0.18,3.08,4701.44,0
2018-11-04,22,Oslo,ST0483,7,38,14.63,0.3,4.39,4579.98,0
2021-10-16,17,Dublin,ST0315,50,53,25.36,0.3,7.61,5180.93,1
2025-11-25,13,Los Angeles,ST0221,150,88,29.53,0.21,6.2,5360.09,0
2019-11-07,19,Dublin,ST0456,50,52,36.7,0.2,7.34,4867.92,1
2019-10-06,18,New York,ST0052,22,66,18.39,0.08,1.47,4639.99,1
2020-04-21,9,Seattle,ST0210,150,36,24.83,0.16,3.97,4065.92,0
2024-03-19,18,Singapore,ST0474,150,62,16.97,0.28,4.75,5336.51,1
2024-01-22,22,Boston,ST0339,22,69,37.29,0.2,7.46,5143.95,0
2021-05-03,15,Denver,ST0050,7,45,31.06,0.13,4.04,4493.73,0
2022-05-29,23,Helsinki,ST0282,50,65,23.98,0.28,6.72,5226.55,0
2019-09-22,23,New York,ST0185,7,46,28.65,0.4,11.46,5373.64,0
2022-10-18,18,Chicago,ST0151,150,59,23.25,0.39,9.07,5043.05,1
2025-01-04,16,Dublin,ST0246,11,28,26.85,0.28,7.52,4678.71,0
2019-02-02,20,Los Angeles,ST0106,11,14,20.6,0.25,5.15,5836.08,1
2025-02-27,14,Miami,ST0042,50,19,15.8,0.13,2.05,5511.54,0
2019-04-19,23,Miami,ST0402,50,51,30.23,0.23,6.95,5033.35,0
2023-04-13,16,Amsterdam,ST0459,150,38,14.82,0.24,3.56,4859.12,0
2020-12-21,21,Chicago,ST0329,100,46,22.71,0.16,3.63,5046.9,1
2022-05-07,21,San Francisco,ST0190,50,22,21.08,0.24,5.06,4645.28,1
2022-02-22,15,San Francisco,ST0229,7,49,18.21,0.24,4.37,4425.17,0
2020-12-14,23,Rome,ST0239,22,91,24.62,0.26,6.4,4695.09,0
2020-07-15,23,Boston,ST0289,7,19,22.68,0.16,3.63,4947.24,0
2019-09-12,12,Sydney,ST0357,150,61,21.14,0.26,5.5,4652.49,0
2019-02-01,17,Chicago,ST0343,22,47,19.83,0.23,4.56,5684.49,1
2024-01-27,14,Madrid,ST0498,100,68,33.65,0.16,5.38,4187.07,0
2020-07-20,19,Oslo,ST0032,50,34,31.42,0.22,6.91,4604.59,1
2023-11-11,12,Madrid,ST0495,100,66,23.06,0.22,5.07,5310.16,0
2025-09-15,15,Amsterdam,ST0294,11,44,23.2,0.27,6.26,5188.16,0
2023-05-05,16,Miami,ST0041,50,46,21.66,0.12,2.6,5035.44,0
2018-05-23,23,Stockholm,ST0293,100,27,17.37,0.16,2.78,5391.8,0
2024-05-29,20,Osaka,ST0318,11,41,18.33,0.23,4.22,4191.01,1
2019-05-08,18,Sydney,ST0230,11,62,19.18,0.11,2.11,5726.45,1
2019-11-16,14,Seattle,ST0414,11,67,25.27,0.21,5.31,5100.29,0
2019-06-01,13,New York,ST0217,7,47,21.73,0.13,2.83,5015.67,0
2025-08-30,16,Madrid,ST0104,150,41,16.87,0.33,5.57,5325.83,0
2019-08-29,22,Dublin,ST0133,22,38,13.91,0.36,5.01,4965.11,0
2018-10-02,14,Chicago,ST0199,100,53,30.2,0.22,6.64,5540.07,0
2022-06-16,23,Oslo,ST0167,22,23,17.39,0.29,5.04,3673.26,0
2023-10-30,17,Rome,ST0470,7,16,17.54,0.2,3.51,4731.03,1
2025-11-08,15,Dublin,ST0301,100,23,32.22,0.35,11.28,4347.85,0
2022-09-15,23,Houston,ST0213,11,37,23.09,0.22,5.08,4722.47,0
2019-08-31,22,Helsinki,ST0302,100,47,21.26,0.13,2.76,4578.23,0
2019-02-15,9,Houston,ST0289,7,45,17.42,0.2,3.48,5434.72,0
2021-03-17,23,Oslo,ST0451,22,44,22.84,0.35,8.0,5311.76,0
2022-08-11,16,Boston,ST0197,150,16,21.89,0.28,6.13,4591.73,0
2023-06-12,19,Helsinki,ST0312,50,37,21.52,0.08,1.72,4855.19,1
2018-06-03,22,San Francisco,ST0142,50,32,22.1,0.17,3.76,5208.63,0
2019-08-13,16,Dublin,ST0312,150,26,27.78,0.29,8.06,4628.68,0
2025-10-12,20,Berlin,ST0020,50,55,27.81,0.1,2.78,5514.55,1
2021-09-19,15,Seoul,ST0122,7,37,35.63,0.24,8.55,4749.36,0
2023-05-01,6,Boston,ST0460,22,72,19.91,0.15,2.99,4533.98,0
2018-03-24,23,London,ST0419,22,60,24.41,0.24,5.86,4757.45,0
2021-06-27,18,Boston,ST0432,50,46,28.36,0.29,8.23,5220.44,1
2025-10-22,16,Osaka,ST0051,11,59,24.62,0.14,3.45,4716.84,0
2019-07-05,18,Miami,ST0499,150,63,24.64,0.14,3.45,4986.94,1
2022-12-20,18,Sydney,ST0423,22,48,28.36,0.29,8.22,4676.33,1
2021-01-08,14,Singapore,ST0214,100,24,24.37,0.32,7.8,4719.96,0
2025-03-29,16,Chicago,ST0097,50,74,29.41,0.25,7.35,4342.17,0
2020-05-15,21,Madrid,ST0380,50,26,15.45,0.2,3.09,4688.9,1
2023-10-17,16,Paris,ST0421,7,16,24.71,0.3,7.41,3945.19,0
2023-10-12,22,San Francisco,ST0034,22,28,25.64,0.22,5.64,5056.97,0
2025-12-16,17,Stockholm,ST0207,11,69,20.08,0.26,5.22,5470.99,1
2023-11-18,21,Helsinki,ST0015,11,91,26.28,0.29,7.62,4972.06,1
2020-02-29,23,Seattle,ST0429,7,44,21.34,0.31,6.62,4799.58,0
2020-10-18,10,New York,ST0234,7,34,25.18,0.32,8.06,4856.27,0
2022-01-16,23,Seoul,ST0102,22,17,17.82,0.2,3.56,4974.02,0
2022-02-17,18,Rome,ST0259,50,58,22.74,0.23,5.23,4928.38,1
2025-02-15,13,Houston,ST0349,7,42,22.32,0.21,4.69,4865.17,0
2020-09-17,18,Paris,ST0251,100,36,28.68,0.14,4.02,4614.25,1
2023-01-02,23,San Francisco,ST0492,50,24,14.11,0.27,3.81,3977.88,0
2024-07-31,16,Oslo,ST0180,22,87,20.72,0.08,1.66,4153.27,0
2019-11-01,22,Boston,ST0384,150,67,23.48,0.27,6.34,5729.04,0
2019-01-06,23,Miami,ST0015,50,40,11.29,0.16,1.81,4791.77,0
2018-07-23,16,San Francisco,ST0438,100,41,28.51,0.31,8.84,4848.22,0
2020-05-27,23,Denver,ST0332,11,52,24.56,0.28,6.88,5094.38,0
2025-08-07,23,Seattle,ST0138,150,16,17.34,0.21,3.64,5249.1,0
2022-08-05,23,Stockholm,ST0011,150,44,16.17,0.28,4.53,5402.15,0
2018-02-06,8,Amsterdam,ST0467,11,44,15.33,0.17,2.61,4269.91,0
2025-04-05,22,San Francisco,ST0308,7,47,17.21,0.28,4.82,4291.95,0
2020-07-05,19,Boston,ST0312,22,28,19.53,0.26,5.08,5218.85,1
2025-12-29,23,Seoul,ST0330,22,43,24.69,0.19,4.69,5149.76,0
2022-10-02,20,Berlin,ST0437,22,43,14.14,0.24,3.39,5138.85,1
2023-02-24,14,Boston,ST0112,50,19,27.66,0.25,6.91,4776.1,0
2021-05-22,12,Osaka,ST0267,100,28,27.87,0.23,6.41,4576.2,0
2022-06-15,20,Helsinki,ST0053,7,28,28.86,0.31,8.95,4782.17,1
2023-09-27,14,Osaka,ST0495,22,10,11.79,0.13,1.53,4894.76,0
2024-04-18,16,Tokyo,ST0305,100,18,18.75,0.26,4.88,5158.94,0
2021-03-03,8,Miami,ST0351,7,42,16.12,0.28,4.51,5116.57,0
2023-05-28,13,Chicago,ST0173,22,29,19.17,0.08,1.53,5004.68,0
2025-03-08,16,London,ST0442,22,64,20.19,0.18,3.63,4147.49,0
2020-12-05,12,Tokyo,ST0365,150,21,25.5,0.17,4.33,4904.09,0
2021-05-08,16,Seattle,ST0077,100,19,19.44,0.26,5.05,4293.87,0
2020-09-11,22,New York,ST0413,100,28,18.95,0.26,4.93,4684.06,0
2022-07-14,18,Osaka,ST0164,150,38,23.21,0.08,1.86,4037.99,1
2019-07-28,21,Singapore,ST0014,150,65,21.25,0.2,4.25,5152.35,1
2023-07-31,21,Miami,ST0133,50,10,14.77,0.2,2.95,5330.65,1
2022-07-16,23,Berlin,ST0378,7,40,15.77,0.25,3.94,5683.56,0
2024-07-16,18,Seoul,ST0293,11,26,25.91,0.27,7.0,4450.6,1
2021-11-06,19,Singapore,ST0366,11,64,31.59,0.22,6.95,4827.32,1
2025-09-12,23,Oslo,ST0327,50,20,22.59,0.12,2.71,5583.06,0
2025-07-14,16,Paris,ST0260,22,70,28.86,0.13,3.75,5647.74,0
2019-11-28,23,Osaka,ST0449,100,62,21.63,0.2,4.33,5119.24,0
2020-01-12,14,Miami,ST0050,50,78,28.08,0.08,2.25,5062.0,0
2019-06-09,16,Singapore,ST0133,150,43,21.32,0.28,5.97,5465.11,0
2024-04-08,19,Sydney,ST0468,11,38,22.35,0.22,4.92,4568.2,1
2025-08-16,20,London,ST0336,7,54,32.18,0.31,9.98,4685.89,1
2020-06-29,22,Paris,ST0115,150,25,24.48,0.18,4.41,4526.29,0
2021-06-11,19,Madrid,ST0404,22,10,10.45,0.21,2.19,4963.0,1
2022-03-03,16,Boston,ST0300,22,13,15.47,0.25,3.87,5172.77,0
2023-03-15,17,Houston,ST0241,7,68,28.15,0.17,4.78,4812.34,1
2025-02-11,10,Helsinki,ST0298,100,42,28.6,0.27,7.72,5515.41,0
2018-10-19,16,Amsterdam,ST0456,11,71,25.55,0.32,8.18,4911.29,0
2023-08-12,21,Houston,ST0445,150,74,25.91,0.24,6.22,5668.08,1
2022-04-13,17,Stockholm,ST0153,50,18,30.88,0.19,5.87,5042.88,1
2018-08-10,23,Phoenix,ST0071,11,32,16.8,0.24,4.03,4130.66,0
2021-11-04,16,Madrid,ST0292,50,49,22.53,0.11,2.48,5707.21,0
2019-08-10,18,London,ST0442,150,73,25.46,0.16,4.07,5096.43,1
2020-01-09,16,Sydney,ST0042,50,21,27.87,0.18,5.02,4011.34,0
2021-09-24,23,Tokyo,ST0091,22,34,19.04,0.1,1.9,5906.63,0
2025-02-11,11,New York,ST0003,50,46,28.08,0.25,7.02,4802.51,0
2021-01-25,9,Seattle,ST0390,11,28,22.3,0.16,3.57,4870.88,0
2024-06-18,21,Sydney,ST0082,50,64,19.55,0.37,7.23,5381.94,1
2018-12-27,17,Phoenix,ST0315,50,66,37.75,0.12,4.53,4878.36,1
2025-02-07,6,Madrid,ST0207,50,48,25.59,0.22,5.63,4395.08,0
2023-05-10,7,Berlin,ST0003,7,52,31.52,0.18,5.67,4986.1,0
2023-12-27,10,Seattle,ST0375,22,54,22.51,0.17,3.83,4409.87,0
2018-02-27,16,London,ST0388,100,52,17.68,0.19,3.36,4869.98,0
2020-02-20,12,Los Angeles,ST0347,7,80,23.33,0.17,3.97,4344.18,0
2025-01-10,23,Singapore,ST0128,11,56,20.04,0.3,6.01,5140.5,0
2025-10-11,19,Paris,ST0160,11,38,18.81,0.24,4.52,4682.71,1
2019-02-25,23,Berlin,ST0258,100,19,27.96,0.21,5.87,5221.39,0
2021-06-07,22,San Francisco,ST0034,7,32,26.16,0.08,2.09,4684.65,0
2021-05-06,13,Miami,ST0234,150,19,19.21,0.25,4.8,5188.15,0
2023-11-02,19,Dublin,ST0269,22,31,23.57,0.23,5.42,5442.29,1
2022-11-12,21,Osaka,ST0069,22,45,18.91,0.17,3.22,4720.76,1
2023-07-01,16,Paris,ST0385,11,50,27.58,0.22,6.07,4938.37,0
2019-11-07,18,Berlin,ST0010,11,34,17.45,0.1,1.75,4582.24,1
2020-07-07,20,Singapore,ST0068,11,30,20.41,0.25,5.1,5241.99,1
2018-03-31,12,Helsinki,ST0259,11,64,31.32,0.14,4.38,4453.35,0
2019-05-20,23,Paris,ST0365,150,42,11.94,0.12,1.43,4883.08,0
2018-06-03,12,Berlin,ST0449,150,36,22.48,0.32,7.19,4684.7,0
2020-11-13,23,Sydney,ST0274,100,73,33.93,0.24,8.14,4114.08,0
2018-07-19,20,Dublin,ST0025,150,65,25.39,0.34,8.63,5431.5,1
2019-03-19,20,Tokyo,ST0429,7,66,27.59,0.08,2.21,4760.78,1
2018-07-17,23,Seoul,ST0060,50,28,20.24,0.15,3.04,5932.93,0
2022-12-25,23,Berlin,ST0064,100,27,21.98,0.17,3.74,5355.38,0
2020-11-01,20,Amsterdam,ST0360,11,61,26.98,0.43,11.6,4493.96,1
2020-04-21,9,Seoul,ST0352,150,37,14.6,0.12,1.75,4237.74,0
2018-02-08,13,Miami,ST0216,150,25,23.59,0.18,4.25,4764.61,0
2019-02-18,22,Osaka,ST0267,22,29,20.16,0.25,5.04,4049.85,0
2024-12-25,6,Dublin,ST0359,11,51,26.58,0.36,9.57,4805.37,0
2022-09-12,22,Houston,ST0262,150,41,24.41,0.34,8.3,3975.63,0
2024-12-05,20,Houston,ST0145,7,87,29.85,0.34,10.15,4704.79,1
2019-03-12,17,Amsterdam,ST0102,100,45,12.31,0.14,1.72,4340.81,1
2020-03-29,22,Sydney,ST0135,100,62,27.06,0.28,7.58,4966.17,0
2020-04-06,23,Paris,ST0361,50,45,23.69,0.2,4.74,5396.98,0
2021-04-24,15,San Francisco,ST0021,100,64,20.02,0.14,2.8,5223.79,0
2023-07-27,17,Seattle,ST0353,50,35,26.65,0.18,4.8,4846.5,1
2021-09-16,23,Denver,ST0002,7,75,34.86,0.2,6.97,5714.8,0
2025-07-14,13,Chicago,ST0465,7,26,9.37,0.34,3.19,4365.48,0
2024-06-09,17,Osaka,ST0253,11,26,24.6,0.19,4.67,4285.97,1
2019-01-04,20,Sydney,ST0262,7,16,15.73,0.08,1.26,4250.95,1
2019-02-19,18,Boston,ST0330,11,10,11.79,0.22,2.59,4635.37,1
2023-02-14,23,Miami,ST0136,50,81,23.38,0.26,6.08,5428.16,0
2018-07-25,15,Houston,ST0417,11,15,19.74,0.21,4.15,4661.07,0
2018-06-11,20,Miami,ST0185,150,29,15.72,0.23,3.62,5155.87,1
2021-07-04,12,Madrid,ST0379,7,63,16.71,0.18,3.01,4677.83,0
2019-01-25,14,Sydney,ST0456,7,33,31.32,0.16,5.01,6125.87,0
2018-02-09,20,Phoenix,ST0340,150,46,25.9,0.4,10.36,4506.81,1
2019-11-30,12,London,ST0184,50,29,21.64,0.1,2.16,4837.73,0
2024-12-21,23,Boston,ST0450,150,48,22.3,0.18,4.01,5498.44,0
2019-01-16,13,Paris,ST0418,22,81,37.39,0.24,8.97,4903.79,0
2020-01-20,23,Houston,ST0206,50,66,21.89,0.18,3.94,4386.39,0
2023-02-13,20,Boston,ST0428,50,58,18.21,0.19,3.46,4299.21,1
2025-09-26,13,Amsterdam,ST0410,50,56,21.05,0.2,4.21,4030.55,0
2025-04-11,18,San Francisco,ST0058,11,44,19.64,0.21,4.12,5028.69,1
2025-10-22,13,Singapore,ST0031,11,15,28.83,0.18,5.19,4826.93,0
2019-03-01,23,Madrid,ST0467,100,115,25.58,0.25,6.39,4708.53,0
2023-06-01,15,Helsinki,ST0348,50,30,15.97,0.22,3.51,4126.64,0
2020-01-13,22,Dublin,ST0195,22,46,25.63,0.19,4.87,4858.93,0
2024-11-09,19,Los Angeles,ST0442,150,21,18.73,0.16,3.0,4509.64,1
2019-06-20,7,Amsterdam,ST0472,50,71,23.09,0.3,6.93,5266.75,0
2019-04-08,11,Madrid,ST0226,7,23,33.56,0.34,11.41,4838.49,0
2018-09-17,19,Boston,ST0336,22,32,24.0,0.17,4.08,3959.83,1
2018-02-20,11,Seoul,ST0445,150,45,17.74,0.22,3.9,4253.65,0
2023-11-20,14,Sydney,ST0381,100,62,26.68,0.22,5.87,5326.19,0
2024-05-03,20,Denver,ST0490,150,73,24.46,0.19,4.65,4347.29,1
2021-10-17,15,Stockholm,ST0268,150,64,32.18,0.29,9.33,4031.62,0
2025-11-09,23,Dublin,ST0049,50,10,23.69,0.19,4.5,5406.03,0
2025-06-03,11,Singapore,ST0128,50,68,18.84,0.17,3.2,4296.29,0
2021-11-17,9,Osaka,ST0347,150,46,32.55,0.41,13.35,4858.78,0
2022-04-26,23,Phoenix,ST0430,100,49,26.37,0.2,5.27,5163.04,0
2024-11-15,20,New York,ST0006,150,33,21.57,0.22,4.75,5399.49,1
2019-10-05,12,Stockholm,ST0435,50,43,32.72,0.3,9.82,5545.47,0
2023-07-24,18,San Francisco,ST0039,50,51,29.13,0.33,9.61,4000.72,1
2021-08-06,11,Denver,ST0170,22,71,25.14,0.17,4.27,4193.46,0
2018-07-26,15,Stockholm,ST0115,100,16,30.38,0.22,6.68,4892.53,0
2025-03-20,20,Berlin,ST0207,11,64,30.41,0.3,9.12,4706.21,1
2018-11-19,16,Rome,ST0228,100,60,22.56,0.22,4.96,5109.63,0
2023-01-10,21,Chicago,ST0439,50,10,22.77,0.2,4.55,5364.82,1
2023-01-06,21,London,ST0061,50,77,34.01,0.31,10.54,5777.86,1
2025-04-30,19,Los Angeles,ST0053,50,45,27.76,0.27,7.5,4836.52,1
2022-08-16,20,New York,ST0286,100,44,19.01,0.31,5.89,5003.64,1
2018-01-01,23,Chicago,ST0406,100,12,16.66,0.22,3.66,5595.31,0
2024-12-10,19,Tokyo,ST0156,100,51,18.48,0.14,2.59,5115.19,1
2024-04-22,11,Seattle,ST0336,150,34,24.58,0.15,3.69,5621.02,0
2023-02-12,23,London,ST0187,7,13,14.9,0.08,1.19,4628.3,0
2020-07-02,21,Rome,ST0170,100,36,24.62,0.11,2.71,5417.48,1
2024-12-13,15,Dublin,ST0243,150,45,22.94,0.13,2.98,4315.2,0
2025-05-15,22,Paris,ST0367,50,52,29.49,0.24,7.08,5129.46,0
2019-04-13,9,Houston,ST0389,150,39,22.54,0.36,8.12,5113.65,0
2020-06-27,23,Los Angeles,ST0175,22,56,21.16,0.23,4.87,5162.77,0
2025-02-08,13,Miami,ST0281,100,37,21.41,0.33,7.07,3805.27,0
2022-03-12,23,Seoul,ST0055,7,26,14.26,0.3,4.28,5382.99,0
2019-11-04,23,Amsterdam,ST0072,150,61,35.62,0.26,9.26,5024.24,0
2022-08-04,19,Houston,ST0131,100,69,22.38,0.17,3.81,4815.05,1
2020-03-13,7,Seattle,ST0062,50,47,14.21,0.22,3.13,5129.48,0
2020-06-02,15,Rome,ST0423,11,78,20.06,0.3,6.02,5217.8,0
2021-10-16,9,Houston,ST0388,50,99,29.56,0.16,4.73,4094.7,0
2018-07-10,16,Tokyo,ST0429,150,42,23.55,0.2,4.71,5230.83,0
2024-08-08,16,Houston,ST0396,50,10,18.45,0.08,1.48,5070.7,0
2023-02-17,13,Osaka,ST0302,100,48,30.33,0.15,4.55,5411.95,0
2019-07-06,15,Amsterdam,ST0003,100,80,25.77,0.16,4.12,5246.72,0
2018-07-18,15,Oslo,ST0479,50,28,18.97,0.22,4.17,5546.97,0
2024-07-24,8,Amsterdam,ST0474,100,45,26.52,0.23,6.1,5421.03,0
2019-12-27,17,Seoul,ST0297,11,41,25.88,0.23,5.95,4748.32,1
2019-06-10,20,Houston,ST0199,150,31,18.66,0.18,3.36,5651.19,1
2024-09-25,1,Dublin,ST0452,22,52,24.41,0.1,2.44,4772.51,0
2023-08-27,20,Berlin,ST0215,100,56,11.46,0.32,3.67,4576.98,1
2025-10-07,21,Sydney,ST0128,22,59,20.7,0.27,5.59,4810.04,1
2022-06-18,7,London,ST0497,22,68,22.28,0.16,3.57,4527.61,0
2023-01-29,19,Phoenix,ST0071,50,43,25.9,0.13,3.37,4612.41,1
2024-10-03,17,Seoul,ST0454,150,82,27.27,0.3,8.18,4968.36,1
2023-09-30,15,Miami,ST0432,150,40,21.96,0.26,5.71,5575.14,0
2024-02-22,19,London,ST0365,150,68,21.34,0.19,4.05,4603.19,1
2024-03-17,19,Tokyo,ST0112,11,37,26.09,0.15,3.91,5005.87,1
2020-05-08,21,Dublin,ST0366,22,10,29.81,0.2,5.96,4026.71,1
2025-09-13,18,Paris,ST0472,150,45,22.99,0.29,6.67,5325.68,1
2019-06-28,19,Seoul,ST0333,11,54,23.96,0.34,8.15,4236.23,1
2023-08-26,18,Oslo,ST0356,150,46,27.59,0.16,4.41,4098.51,1
2021-08-13,18,Seoul,ST0060,22,50,31.45,0.13,4.09,5563.14,1
2024-04-22,23,Amsterdam,ST0299,100,37,15.99,0.19,3.04,5030.94,0
2025-06-25,20,Seoul,ST0214,150,33,29.74,0.14,4.16,4149.34,1
2023-12-27,23,Miami,ST0450,50,10,18.18,0.44,8.0,5026.7,0
2018-02-22,12,Stockholm,ST0055,7,43,22.91,0.23,5.27,5162.76,0
2022-04-10,12,Phoenix,ST0028,150,78,28.59,0.27,7.72,4540.27,0
2018-08-20,23,Seattle,ST0137,11,39,24.07,0.15,3.61,4557.81,0
2021-03-19,21,Osaka,ST0129,11,36,18.05,0.17,3.07,5341.68,1
2018-09-12,14,Seoul,ST0402,22,42,23.12,0.09,2.08,4136.9,0
2020-04-15,19,Sydney,ST0278,7,30,26.88,0.29,7.8,5347.12,1
2022-01-09,23,Rome,ST0053,100,43,26.4,0.18,4.75,6291.8,0
2025-07-29,23,Singapore,ST0288,11,45,25.33,0.32,8.11,4987.76,0
2025-04-04,14,Oslo,ST0200,11,62,25.83,0.23,5.94,4466.19,0
2023-09-24,9,Seoul,ST0148,150,49,28.4,0.2,5.68,5511.83,0
2025-06-14,14,New York,ST0475,50,23,20.42,0.21,4.29,5246.68,0
2022-05-07,14,Madrid,ST0490,150,72,36.47,0.22,8.02,5550.75,0
2021-07-04,12,Oslo,ST0028,7,66,31.16,0.28,8.72,4856.84,0
2020-10-26,3,Seattle,ST0318,50,32,18.71,0.15,2.81,4695.96,0
2020-07-12,15,Tokyo,ST0361,150,28,16.07,0.17,2.73,5425.01,0
2025-04-06,14,Paris,ST0387,100,34,19.8,0.24,4.75,5087.31,0
2024-02-17,2,Singapore,ST0309,11,65,32.98,0.15,4.95,4185.78,0
2020-03-03,15,Miami,ST0230,11,29,22.6,0.08,1.81,4331.43,0
2025-08-28,23,Chicago,ST0096,11,26,27.34,0.24,6.56,4164.71,0
2023-10-06,21,Houston,ST0194,7,42,20.76,0.24,4.98,5240.37,1
2022-10-22,21,Boston,ST0285,22,68,28.2,0.12,3.38,4795.98,1
2019-06-17,23,San Francisco,ST0300,22,59,36.93,0.32,11.82,5228.61,0
2018-01-24,19,London,ST0239,150,44,14.59,0.22,3.21,5543.7,1
2019-09-27,15,New York,ST0079,22,53,28.62,0.16,4.58,4688.82,0
2024-09-10,12,New York,ST0397,150,28,14.92,0.16,2.39,5509.42,0
2024-11-26,13,Osaka,ST0155,50,47,21.13,0.3,6.34,5500.08,0
2024-06-03,22,Oslo,ST0184,7,51,22.96,0.14,3.22,6003.62,0
2025-12-08,14,London,ST0270,11,58,30.26,0.18,5.45,5420.04,0
2020-01-24,21,Stockholm,ST0035,100,79,25.13,0.13,3.27,4767.79,1
2019-10-15,19,Madrid,ST0279,100,46,21.55,0.09,1.94,5201.45,1
2022-07-11,23,Chicago,ST0179,11,54,27.53,0.26,7.16,5268.63,0
2020-05-23,22,Osaka,ST0170,22,52,22.68,0.16,3.63,4906.22,0
2022-01-17,19,Miami,ST0112,100,38,24.13,0.25,6.03,5393.12,1
2023-12-13,23,Amsterdam,ST0288,150,46,16.98,0.2,3.4,5049.96,0
2018-02-06,8,Houston,ST0343,22,72,27.35,0.25,6.84,5452.17,0
2022-12-31,14,Denver,ST0464,150,56,24.17,0.21,5.08,4490.59,0
2024-11-18,23,Dublin,ST0125,7,37,25.94,0.09,2.33,5653.74,0
2025-08-27,23,London,ST0196,7,46,22.39,0.25,5.6,6193.94,0
2022-04-30,9,Boston,ST0277,150,60,20.64,0.22,4.54,4638.63,0
2021-03-04,15,Los Angeles,ST0467,100,44,17.61,0.29,5.11,3973.36,0
2022-03-16,20,Stockholm,ST0412,100,38,16.71,0.23,3.84,4188.35,1
2022-12-31,18,Amsterdam,ST0023,22,16,22.23,0.16,3.56,4723.41,1
2025-04-22,19,Seattle,ST0165,100,29,21.19,0.11,2.33,5280.2,1
2018-12-04,23,Houston,ST0086,100,100,30.46,0.28,8.53,4191.51,0
2023-12-25,23,Los Angeles,ST0321,7,60,22.78,0.31,7.06,4923.88,0
2020-05-13,15,Osaka,ST0323,11,54,19.16,0.29,5.56,4348.66,0
2025-09-08,12,Madrid,ST0428,7,26,24.92,0.18,4.49,4165.67,0
2020-04-22,14,Oslo,ST0425,150,44,17.38,0.14,2.43,5905.15,0
2022-11-18,13,Tokyo,ST0419,7,38,20.72,0.19,3.94,5153.57,0
2025-09-11,22,Phoenix,ST0013,50,38,16.38,0.31,5.08,4957.84,0
2021-09-20,23,New York,ST0045,7,10,20.18,0.35,7.06,4864.08,0
2018-08-11,16,San Francisco,ST0407,22,50,21.21,0.2,4.24,4735.92,0
2024-04-04,14,Chicago,ST0295,11,69,28.59,0.24,6.86,5298.63,0
2020-11-25,16,Madrid,ST0199,50,29,18.47,0.22,4.06,4364.26,0
2025-01-25,15,Berlin,ST0222,22,34,32.7,0.08,2.62,4841.0,0
2018-03-11,23,Berlin,ST0345,7,47,27.41,0.23,6.3,4735.96,0
2023-12-31,6,Los Angeles,ST0329,150,49,20.0,0.16,3.2,4450.51,0
2024-12-07,23,Chicago,ST0388,150,93,30.25,0.19,5.75,4492.37,0
2024-07-26,20,New York,ST0359,7,80,26.36,0.08,2.11,5340.48,1
2022-01-05,22,Stockholm,ST0055,22,13,20.44,0.25,5.11,4985.22,0
2025-09-10,14,Miami,ST0311,7,65,23.78,0.12,2.85,3850.4,0
2021-02-27,23,Sydney,ST0475,50,57,25.28,0.19,4.8,4796.62,0
2022-04-12,12,Berlin,ST0421,150,36,11.72,0.17,1.99,4631.41,0
2018-05-07,21,Amsterdam,ST0081,100,44,27.25,0.31,8.45,5558.1,1
2020-06-19,20,Phoenix,ST0383,50,45,18.5,0.27,4.99,5813.86,1
2024-02-14,19,Miami,ST0492,150,83,20.33,0.14,2.85,5388.93,1
2019-08-14,19,Miami,ST0347,150,71,26.44,0.16,4.23,4878.97,1
2025-04-07,10,Paris,ST0491,7,22,25.5,0.28,7.14,4983.51,0
2024-03-17,9,Oslo,ST0073,7,37,16.32,0.3,4.89,4453.4,0
2018-06-21,12,Los Angeles,ST0294,100,45,20.2,0.32,6.46,4453.39,0
2022-06-03,11,Oslo,ST0281,7,10,19.05,0.18,3.43,4081.73,0
2021-06-02,23,Seattle,ST0384,150,58,24.82,0.32,7.94,5390.54,0
2021-11-09,13,Seattle,ST0212,150,24,24.97,0.25,6.24,4944.75,0
2023-10-01,13,Phoenix,ST0083,11,57,21.06,0.21,4.42,5567.72,0
2020-06-23,14,Dublin,ST0428,22,13,14.3,0.29,4.15,4964.55,0
2020-03-06,17,Houston,ST0093,150,34,24.51,0.16,3.92,5090.86,1
2024-05-12,14,New York,ST0436,100,27,18.05,0.19,3.43,4827.8,0
2023-03-05,19,Tokyo,ST0282,7,10,15.16,0.19,2.88,5693.18,1
2021-04-05,12,Osaka,ST0035,22,48,31.24,0.13,4.06,5061.93,0
2019-02-07,13,Seattle,ST0372,100,34,18.06,0.17,3.07,6193.21,0
2023-06-19,22,London,ST0183,11,67,28.5,0.11,3.13,5251.48,0
2025-07-12,23,Tokyo,ST0121,7,27,26.07,0.27,7.04,5990.29,0
2021-03-13,15,Dublin,ST0036,11,23,18.95,0.32,6.06,3961.6,0
2021-07-25,7,Amsterdam,ST0231,22,46,21.31,0.22,4.69,5197.88,0
2024-11-29,15,Osaka,ST0157,150,10,29.42,0.15,4.41,4388.17,0
2024-07-20,23,Phoenix,ST0290,100,37,22.12,0.25,5.53,5590.28,0
2022-02-01,16,London,ST0491,50,75,16.32,0.27,4.41,4465.52,0
2019-11-22,23,Los Angeles,ST0161,11,47,20.28,0.27,5.47,5487.7,0
2020-06-26,21,Seoul,ST0379,150,24,18.46,0.22,4.06,4973.21,1
2022-11-22,21,Boston,ST0431,22,10,20.87,0.2,4.17,4584.24,1
2019-07-05,14,Osaka,ST0376,22,40,4.79,0.17,0.82,4361.27,0
2023-05-20,20,Rome,ST0229,22,28,20.28,0.33,6.69,5478.31,1
2021-06-05,22,Amsterdam,ST0283,7,35,24.92,0.2,4.98,4941.61,0
2019-12-21,20,Tokyo,ST0311,7,33,29.43,0.21,6.18,5326.88,1
2021-02-23,23,Phoenix,ST0457,100,65,18.76,0.25,4.69,5460.38,0
2020-03-15,22,Boston,ST0376,150,22,17.35,0.29,5.03,4628.54,0
2018-11-10,16,Singapore,ST0039,7,76,26.88,0.17,4.57,4488.72,0
2023-09-09,19,Tokyo,ST0016,100,18,18.92,0.24,4.54,5605.27,1
2024-06-29,21,Berlin,ST0394,100,30,27.49,0.2,5.5,4412.12,1
2020-05-21,17,New York,ST0283,22,73,27.59,0.22,6.07,5768.95,1
2024-02-05,10,Oslo,ST0242,150,19,12.2,0.25,3.05,4832.05,0
2019-09-01,23,Paris,ST0201,11,49,21.86,0.22,4.81,5106.29,0
2024-08-12,9,Singapore,ST0439,22,99,32.48,0.23,7.47,5117.5,0
2019-07-03,21,Rome,ST0257,100,42,19.88,0.26,5.17,5192.39,1
2019-01-06,13,Berlin,ST0187,100,73,28.23,0.27,7.62,5568.87,0
2018-02-13,18,Osaka,ST0123,100,51,28.17,0.17,4.79,4999.71,1
2025-09-03,18,San Francisco,ST0388,100,25,32.59,0.12,3.91,4341.3,1
2019-07-29,23,Rome,ST0082,11,59,19.95,0.26,5.19,5773.73,0
2024-05-08,17,Helsinki,ST0338,11,96,20.9,0.27,5.64,5506.86,1
2023-06-04,22,Paris,ST0021,11,40,21.35,0.25,5.34,5433.27,0
2023-06-21,21,Denver,ST0033,22,65,20.71,0.2,4.14,4532.81,1
2022-02-22,16,Denver,ST0022,150,65,26.34,0.4,10.54,5022.06,0
2020-04-26,18,Stockholm,ST0465,22,47,20.45,0.22,4.5,5505.7,1
2022-05-09,18,Amsterdam,ST0470,50,29,16.85,0.19,3.2,4964.35,1
2018-07-10,23,New York,ST0333,22,18,18.56,0.23,4.27,4117.39,0
2019-02-27,13,Seoul,ST0496,100,31,17.74,0.23,4.08,4750.68,0
2025-02-08,15,Boston,ST0428,150,53,32.98,0.33,10.88,3970.52,0
2020-12-14,20,Helsinki,ST0279,100,41,23.7,0.19,4.5,5053.58,1
2019-12-14,18,Berlin,ST0335,50,33,17.48,0.19,3.32,5047.04,1
2022-02-05,20,Helsinki,ST0335,7,62,22.97,0.24,5.51,5473.13,1
2023-10-18,23,Boston,ST0193,11,43,22.06,0.23,5.07,4473.37,0
2023-10-17,17,Berlin,ST0181,22,59,28.29,0.2,5.66,5062.02,1
2023-06-18,13,Amsterdam,ST0455,100,59,24.69,0.2,4.94,4677.9,0
2018-01-28,17,Stockholm,ST0452,11,36,25.61,0.19,4.87,5738.92,1
2022-12-07,23,San Francisco,ST0118,7,27,21.59,0.17,3.67,4883.03,0
2023-10-09,23,Tokyo,ST0144,11,38,24.36,0.26,6.33,4557.13,0
2019-09-08,13,San Francisco,ST0081,22,20,15.97,0.08,1.28,5096.17,0
2024-10-01,23,Seoul,ST0419,7,47,16.56,0.18,2.98,4796.8,0
2025-05-31,12,Denver,ST0213,22,62,29.49,0.14,4.13,5220.51,0
2019-04-10,23,Amsterdam,ST0346,50,83,42.29,0.16,6.77,6541.25,0
2023-05-17,16,Seattle,ST0303,11,33,23.6,0.18,4.25,5113.9,0
2025-04-05,11,Madrid,ST0012,11,40,29.23,0.22,6.43,4907.71,0
2018-06-26,20,Phoenix,ST0294,100,68,17.88,0.26,4.65,4837.47,1
2019-10-22,18,Phoenix,ST0323,100,66,19.95,0.15,2.99,3972.08,1
2018-06-10,15,Helsinki,ST0076,7,71,25.92,0.13,3.37,4660.83,0
2019-11-13,10,Boston,ST0473,11,22,22.58,0.14,3.16,5346.65,0
2023-10-18,17,Berlin,ST0307,100,46,22.13,0.27,5.97,5320.09,1
2025-02-24,19,Los Angeles,ST0450,150,56,23.66,0.26,6.15,4805.7,1
2025-06-03,18,Miami,ST0485,7,39,20.39,0.17,3.47,5175.42,1
2020-06-06,23,Rome,ST0311,50,68,19.88,0.31,6.16,4880.43,0
2023-05-27,21,San Francisco,ST0113,50,26,21.83,0.24,5.24,4265.02,1
2024-09-27,21,Phoenix,ST0407,100,71,25.65,0.32,8.21,4927.74,1
2020-01-15,22,Dublin,ST0338,100,10,31.29,0.32,10.01,4922.86,0
2020-12-19,8,San Francisco,ST0371,150,50,16.78,0.25,4.2,4932.9,0
2021-11-04,13,Rome,ST0306,100,67,30.07,0.29,8.72,4884.7,0
2018-10-09,10,Denver,ST0194,50,64,24.33,0.12,2.92,5473.33,0
2019-06-26,23,Houston,ST0009,11,44,34.08,0.23,7.84,4906.07,0
2023-11-12,14,Stockholm,ST0351,50,77,23.34,0.27,6.3,4593.78,0
2019-09-05,15,Dublin,ST0050,11,65,23.9,0.19,4.54,5462.0,0
2023-05-04,23,Dublin,ST0308,7,57,21.57,0.18,3.88,5086.22,0
2023-12-17,19,Stockholm,ST0386,7,25,24.62,0.23,5.66,4120.61,1
2019-01-17,13,Amsterdam,ST0338,11,34,21.72,0.35,7.6,4965.95,0
2024-10-07,13,Oslo,ST0424,7,49,22.12,0.24,5.31,5138.76,0
2025-08-11,23,Tokyo,ST0221,100,44,31.47,0.28,8.81,4732.18,0
2022-09-20,23,Paris,ST0448,7,51,19.94,0.34,6.78,6078.67,0
2025-10-28,17,Stockholm,ST0220,11,34,21.22,0.27,5.73,5563.8,1
2023-05-29,20,Sydney,ST0196,22,47,31.13,0.2,6.23,5539.98,1
2024-08-09,16,Singapore,ST0465,150,53,23.79,0.22,5.23,4726.48,0
2024-06-17,23,Houston,ST0218,11,30,17.9,0.37,6.62,5520.52,0
2020-11-08,6,Amsterdam,ST0393,11,33,12.9,0.15,1.94,3102.34,0
2018-12-10,17,Miami,ST0307,100,22,20.94,0.11,2.3,4965.21,1
2022-08-01,15,Boston,ST0097,7,75,34.06,0.27,9.2,4772.92,0
2025-12-14,23,Singapore,ST0405,7,13,12.54,0.21,2.63,6137.19,0
2024-06-25,16,Stockholm,ST0061,100,41,15.71,0.29,4.56,5359.43,0
2018-01-30,21,Berlin,ST0336,11,32,18.31,0.13,2.38,5035.16,1
2025-09-18,12,London,ST0210,22,21,18.4,0.19,3.5,4544.62,0
2019-03-13,20,Phoenix,ST0219,150,46,22.08,0.23,5.08,4492.55,1
2024-07-25,18,Boston,ST0134,100,48,16.24,0.29,4.71,4484.26,1
2022-10-01,18,Helsinki,ST0188,100,68,30.79,0.22,6.77,4801.9,1
2021-02-02,22,Osaka,ST0204,11,58,21.87,0.16,3.5,3991.3,0
2022-08-20,18,Oslo,ST0402,100,43,28.84,0.25,7.21,5642.48,1
2023-05-31,14,San Francisco,ST0190,100,67,23.4,0.27,6.32,4144.2,0
2024-03-22,19,Amsterdam,ST0130,22,10,17.86,0.25,4.47,4690.97,1
2024-06-24,12,Paris,ST0397,150,61,24.8,0.19,4.71,4860.16,0
2022-06-19,23,Singapore,ST0071,150,68,31.97,0.25,7.99,5171.13,0
2019-05-03,6,Singapore,ST0118,50,31,19.32,0.09,1.74,4118.56,0
2025-11-04,8,San Francisco,ST0052,11,44,27.37,0.3,8.21,4976.89,0
2023-09-14,13,Berlin,ST0403,22,10,10.42,0.13,1.35,4357.23,0
2024-03-05,17,Dublin,ST0357,150,24,22.57,0.2,4.51,4935.57,1
2025-12-05,23,New York,ST0083,50,21,22.61,0.22,4.97,4883.71,0
2025-02-17,22,Los Angeles,ST0412,7,62,20.71,0.21,4.35,5163.44,0
2019-08-19,16,Amsterdam,ST0475,100,56,26.13,0.35,9.14,4159.36,0
2022-11-19,17,Chicago,ST0033,22,26,24.14,0.11,2.66,5109.72,1
2020-06-27,14,Paris,ST0041,100,30,14.37,0.19,2.73,5379.72,0
2018-06-04,17,Singapore,ST0197,50,57,33.16,0.24,7.96,4693.25,1
2024-11-19,20,Tokyo,ST0267,22,34,19.56,0.11,2.15,5441.36,1
2025-12-24,16,Dublin,ST0030,11,48,18.58,0.25,4.65,4513.35,0
2025-03-07,17,Amsterdam,ST0225,7,62,29.39,0.22,6.47,4073.51,1
2020-04-06,23,Osaka,ST0477,100,79,31.09,0.17,5.29,5027.58,0
2021-03-17,15,Seattle,ST0018,100,70,27.71,0.17,4.71,4675.47,0
2023-09-23,23,Stockholm,ST0358,11,77,34.88,0.27,9.42,4973.21,0
2024-11-24,1,San Francisco,ST0346,7,50,23.99,0.23,5.52,4642.91,0
2022-01-13,11,Denver,ST0336,7,56,27.88,0.27,7.53,5304.81,0
2019-10-07,21,Chicago,ST0142,50,36,21.97,0.23,5.05,5061.71,1
2021-12-17,22,Osaka,ST0203,50,57,35.23,0.37,13.03,5120.73,0
2024-07-28,0,Seattle,ST0266,7,69,23.58,0.16,3.77,4395.09,0
2025-11-22,15,Chicago,ST0471,7,57,17.04,0.14,2.39,5039.75,0
2024-03-01,21,Miami,ST0372,100,57,20.9,0.15,3.14,4750.3,1
2024-07-15,19,Paris,ST0178,22,74,16.64,0.2,3.33,4280.23,1
2020-07-15,9,Dublin,ST0494,11,64,28.4,0.25,7.1,5254.13,0
2023-02-06,15,Berlin,ST0295,7,36,33.25,0.2,6.65,5300.56,0
2020-12-05,18,San Francisco,ST0209,100,10,8.98,0.18,1.62,5423.96,1
2019-03-13,21,Oslo,ST0038,100,63,20.62,0.33,6.81,4520.05,1
2021-04-20,19,London,ST0485,7,44,22.41,0.31,6.95,4617.09,1
2023-10-04,11,Boston,ST0449,100,45,21.4,0.46,9.84,5143.86,0
2024-06-12,15,Boston,ST0356,50,23,11.36,0.15,1.7,4902.91,0
2022-03-25,23,Helsinki,ST0248,11,67,27.19,0.2,5.44,5203.15,0
2021-10-23,15,Sydney,ST0235,150,79,26.53,0.21,5.57,3798.22,0
2023-03-03,17,Helsinki,ST0442,7,61,19.98,0.17,3.4,5316.28,1
2023-05-29,10,Houston,ST0133,7,66,23.26,0.19,4.42,4231.1,0
2022-04-17,19,Tokyo,ST0404,11,94,33.19,0.16,5.31,5580.56,1
2025-08-04,16,Seoul,ST0118,22,72,30.67,0.08,2.45,4440.65,0
2022-08-17,22,Paris,ST0265,100,48,18.64,0.18,3.36,4061.45,0
2018-02-09,17,Seoul,ST0427,22,89,32.7,0.37,12.1,5412.02,1
2020-10-13,23,Miami,ST0048,50,84,29.97,0.21,6.29,5596.19,0
2025-07-22,23,Singapore,ST0421,22,35,18.59,0.23,4.28,5450.12,0
2018-11-08,21,Oslo,ST0477,11,16,29.48,0.18,5.31,4905.38,1
2023-05-06,13,London,ST0182,11,98,30.97,0.16,4.96,5315.84,0
2024-06-07,21,Boston,ST0094,150,41,27.12,0.16,4.34,4782.03,1
2025-08-30,7,Seattle,ST0256,150,18,29.2,0.33,9.64,4789.69,0
2020-03-28,23,Denver,ST0377,11,41,21.7,0.22,4.77,4984.35,0
2020-12-23,16,Seattle,ST0118,11,67,26.79,0.27,7.23,5442.85,0
2020-10-19,19,Dublin,ST0183,11,25,14.24,0.23,3.27,4851.31,1
2019-03-13,18,Houston,ST0472,7,44,36.2,0.13,4.71,4009.82,1
2025-07-31,19,Osaka,ST0253,100,37,24.02,0.26,6.25,5618.13,1
2018-01-28,10,Sydney,ST0439,100,33,24.1,0.27,6.51,5893.14,0
2018-06-23,22,Amsterdam,ST0191,100,43,18.71,0.18,3.37,4718.48,0
2021-07-15,21,Amsterdam,ST0460,100,50,17.38,0.19,3.3,5428.3,1
2021-01-30,19,Amsterdam,ST0094,100,56,26.63,0.33,8.79,5104.56,1
2021-02-21,16,Berlin,ST0114,100,26,22.37,0.08,1.79,4817.33,0
2019-06-10,16,New York,ST0270,50,17,15.4,0.28,4.31,4996.95,0
2023-05-14,18,Oslo,ST0017,100,51,24.58,0.31,7.62,5020.05,1
2021-11-23,10,Berlin,ST0441,150,77,29.09,0.18,5.24,4189.67,0
2019-12-17,19,Rome,ST0500,7,42,30.91,0.2,6.18,4584.95,1
2025-10-31,22,Stockholm,ST0236,22,63,26.4,0.27,7.13,5026.77,0
2025-09-24,19,Los Angeles,ST0007,150,68,29.29,0.21,6.15,5673.33,1
2020-05-13,6,Berlin,ST0298,7,86,19.79,0.18,3.56,4678.7,0
2021-08-25,17,Paris,ST0314,22,65,20.51,0.24,4.92,4632.94,1
2020-02-06,19,Oslo,ST0135,11,43,23.62,0.18,4.25,4719.47,1
2021-01-08,19,Amsterdam,ST0491,100,63,22.57,0.16,3.61,5277.0,1
2021-11-06,17,Paris,ST0095,50,61,20.79,0.1,2.08,4656.66,1
2022-10-03,14,Seattle,ST0215,150,43,19.98,0.27,5.39,4715.83,0
2022-03-05,18,Paris,ST0438,50,48,24.73,0.22,5.44,5214.24,1
2021-02-19,14,Rome,ST0093,100,72,25.46,0.13,3.31,4975.87,0
2019-06-22,13,Helsinki,ST0352,11,58,36.01,0.16,5.76,5070.22,0
2019-02-14,9,Singapore,ST0139,11,54,20.05,0.18,3.61,4209.56,0
2024-03-24,21,Madrid,ST0439,50,65,25.92,0.16,4.15,5818.43,1
2020-03-14,14,Phoenix,ST0410,150,10,21.49,0.14,3.01,5360.27,0
2019-09-05,16,Amsterdam,ST0413,7,57,31.85,0.14,4.46,4664.42,0
2019-12-25,17,Madrid,ST0256,11,75,23.71,0.18,4.27,5173.9,1
2025-01-27,15,Stockholm,ST0274,150,48,16.0,0.38,6.08,4190.15,0
2021-07-17,16,Amsterdam,ST0154,22,44,32.84,0.13,4.27,5943.23,0
2024-04-21,21,Helsinki,ST0025,50,53,19.44,0.26,5.05,4636.0,1
2019-02-10,23,Seoul,ST0084,7,25,20.43,0.18,3.68,4547.98,0
2020-06-01,21,Boston,ST0244,150,55,30.65,0.1,3.06,5574.67,1
2019-01-30,23,Rome,ST0382,22,35,31.68,0.2,6.34,4400.5,0
2020-11-30,16,Paris,ST0185,100,65,21.61,0.18,3.89,5203.21,0
2024-04-02,18,Boston,ST0177,7,56,25.91,0.25,6.48,4747.49,1
2022-08-14,19,Houston,ST0180,150,26,27.56,0.18,4.96,5554.67,1
2024-10-16,16,Seattle,ST0296,100,49,21.41,0.15,3.21,4033.24,0
2025-04-15,12,Tokyo,ST0276,11,38,23.62,0.29,6.85,4611.6,0
2021-03-11,13,Paris,ST0167,150,16,22.32,0.32,7.14,5482.45,0
2023-09-22,21,Amsterdam,ST0397,150,57,33.33,0.24,8.0,5376.38,1
2023-01-05,16,Chicago,ST0196,100,17,16.62,0.22,3.66,4916.88,0
2021-03-19,23,Rome,ST0324,11,46,29.41,0.19,5.59,4921.82,0
2019-11-18,11,Tokyo,ST0414,22,30,24.23,0.22,5.33,5288.41,0
2022-09-24,18,Tokyo,ST0314,100,37,33.18,0.21,6.97,5574.23,1
2022-07-16,15,Chicago,ST0041,11,59,29.72,0.23,6.84,3741.64,0
2021-11-08,18,Denver,ST0161,22,69,28.92,0.25,7.23,4114.54,1
2025-04-28,14,Miami,ST0364,22,53,26.41,0.31,8.19,4813.21,0
2024-10-15,20,Tokyo,ST0203,22,45,18.47,0.08,1.48,5189.37,1
2022-12-28,18,Sydney,ST0442,22,32,13.74,0.26,3.57,4782.02,1
2024-08-01,20,Stockholm,ST0495,50,82,17.13,0.17,2.91,4863.84,1
2022-08-23,23,San Francisco,ST0095,7,12,29.12,0.23,6.7,5028.48,0
2019-05-28,17,Singapore,ST0121,150,36,27.56,0.15,4.13,5122.95,1
2020-10-27,16,Singapore,ST0359,150,29,34.41,0.25,8.6,5264.27,0
2018-11-24,23,Seattle,ST0086,50,16,28.68,0.08,2.29,4690.34,0
2019-02-26,15,Houston,ST0033,50,56,25.81,0.21,5.42,4897.26,0
2024-02-25,13,New York,ST0014,50,15,23.43,0.27,6.33,5645.98,0
2023-11-17,14,Sydney,ST0043,7,58,23.54,0.3,7.06,5385.15,0
2020-12-11,19,Dublin,ST0080,7,38,27.36,0.27,7.39,4647.24,1
2025-05-06,11,Berlin,ST0159,11,39,30.26,0.3,9.08,4284.86,0
2020-10-10,12,Singapore,ST0146,50,70,20.72,0.26,5.39,4514.85,0
2025-01-10,23,Phoenix,ST0068,100,29,27.2,0.23,6.26,5194.88,0
2019-11-30,8,Los Angeles,ST0018,150,10,18.1,0.24,4.34,4169.79,0
2022-01-01,12,London,ST0443,50,56,27.53,0.21,5.78,5240.24,0
2023-03-29,12,Oslo,ST0479,22,37,30.68,0.22,6.75,4925.87,0
2024-02-25,23,Rome,ST0070,150,17,24.02,0.34,8.17,4893.66,0
2024-01-18,22,San Francisco,ST0303,100,25,17.57,0.25,4.39,5409.55,0
2023-02-14,23,Tokyo,ST0384,150,76,26.78,0.3,8.03,4895.98,0
2024-04-29,22,Madrid,ST0269,150,49,26.11,0.25,6.53,4242.08,0
2025-03-04,12,Oslo,ST0159,22,47,15.2,0.28,4.26,5236.59,0
2023-05-27,19,Oslo,ST0117,7,22,27.54,0.36,9.91,5063.7,1
2022-12-15,20,Miami,ST0188,50,49,26.53,0.21,5.57,4988.85,1
2020-11-30,22,Phoenix,ST0156,7,91,21.92,0.21,4.6,4437.45,0
2018-01-01,23,Stockholm,ST0418,11,33,14.74,0.26,3.83,5891.13,0
2021-11-09,21,Miami,ST0241,100,49,25.93,0.32,8.3,4586.6,1
2018-02-04,17,Seoul,ST0473,50,35,16.36,0.2,3.27,5459.3,1
2023-05-09,20,Miami,ST0005,50,57,25.57,0.26,6.65,4601.99,1
2021-04-14,16,Dublin,ST0119,7,48,25.15,0.24,6.04,4851.42,0
2024-02-24,16,Paris,ST0097,50,108,35.49,0.25,8.87,4845.37,0
2024-04-15,15,Madrid,ST0203,11,42,24.5,0.09,2.21,4113.32,0
2019-10-31,14,Seoul,ST0378,150,49,22.68,0.32,7.26,4129.54,0
2022-05-16,14,Berlin,ST0113,22,75,27.66,0.28,7.74,5916.25,0
2018-11-21,14,Madrid,ST0321,11,43,21.8,0.08,1.74,4711.99,0
2023-10-18,22,Sydney,ST0410,100,55,27.7,0.19,5.26,4722.73,0
2025-10-13,23,Osaka,ST0140,22,35,23.67,0.23,5.44,5785.54,0
2025-04-10,22,Singapore,ST0273,22,19,14.34,0.26,3.73,4965.2,0
2022-08-19,15,Seattle,ST0437,7,65,26.74,0.22,5.88,5296.86,0
2020-01-18,16,Phoenix,ST0149,7,76,23.18,0.27,6.26,5629.64,0
2025-02-21,11,Rome,ST0317,50,38,28.27,0.3,8.48,4747.34,0
2021-01-19,14,Seoul,ST0319,50,64,31.6,0.14,4.42,4304.43,0
2020-02-09,19,London,ST0010,11,57,23.34,0.27,6.3,4618.31,1
2018-07-23,7,Oslo,ST0012,11,36,22.64,0.2,4.53,4151.24,0
2019-02-23,8,Miami,ST0138,11,34,26.57,0.31,8.24,5360.13,0
2022-12-01,13,Singapore,ST0005,11,21,23.0,0.26,5.98,5052.1,0
2019-01-05,7,Phoenix,ST0008,50,27,21.09,0.25,5.27,5108.02,0
2020-06-08,18,London,ST0216,22,51,24.54,0.27,6.63,5114.61,1
2023-08-04,18,Paris,ST0238,150,39,23.09,0.25,5.77,5086.08,1
2018-05-10,19,London,ST0042,11,71,27.85,0.17,4.73,5433.19,1
2018-08-18,11,Boston,ST0398,50,23,22.44,0.26,5.83,4187.23,0
2018-10-20,16,Oslo,ST0241,11,32,19.41,0.29,5.63,5250.88,0
2020-02-27,17,Boston,ST0419,50,34,15.33,0.32,4.91,5197.38,1
2018-02-21,14,Houston,ST0499,150,59,24.73,0.2,4.95,5096.52,0
2020-10-16,14,Berlin,ST0395,50,38,23.17,0.19,4.4,5207.21,0
2020-10-09,23,Singapore,ST0018,11,29,13.15,0.08,1.05,4937.38,0
2023-03-03,14,Singapore,ST0395,7,49,24.54,0.11,2.7,3970.73,0
2023-11-05,19,Osaka,ST0107,50,47,21.51,0.1,2.15,5201.74,1
2022-05-13,23,Osaka,ST0493,22,50,19.76,0.22,4.35,4355.99,0
2021-08-16,23,San Francisco,ST0323,150,46,14.68,0.2,2.94,5250.37,0
2018-06-22,16,Singapore,ST0480,100,39,16.56,0.26,4.31,4562.0,0
2023-11-04,7,Houston,ST0130,50,37,27.35,0.19,5.2,5618.38,0
2025-02-28,20,Miami,ST0102,22,51,23.48,0.22,5.17,4862.2,1
2018-08-02,16,Osaka,ST0112,7,55,19.92,0.14,2.79,4338.09,0
2020-08-24,23,Tokyo,ST0223,22,55,26.12,0.15,3.92,5376.16,0
2018-03-03,17,San Francisco,ST0407,22,49,19.0,0.23,4.37,4704.07,1
2024-07-22,14,Houston,ST0203,11,59,17.39,0.26,4.52,5191.81,0
2018-02-06,13,New York,ST0298,150,28,20.24,0.24,4.86,4764.55,0
2023-05-01,20,Seoul,ST0306,11,80,25.06,0.1,2.51,5413.21,1
2022-03-02,23,Sydney,ST0046,11,52,18.8,0.21,3.95,4475.94,0
2019-10-08,21,Amsterdam,ST0047,150,17,18.54,0.15,2.78,5057.57,1
2024-12-08,16,London,ST0477,150,48,23.87,0.15,3.58,5228.93,0
2018-09-03,17,New York,ST0183,150,25,32.2,0.25,8.05,4892.19,1
2019-09-23,23,Seoul,ST0275,7,81,26.99,0.24,6.48,4573.97,0
2019-05-31,17,Amsterdam,ST0120,22,41,23.84,0.24,5.72,5215.29,1
2024-04-06,19,Tokyo,ST0388,22,20,15.71,0.18,2.83,4801.71,1
2022-12-02,23,Singapore,ST0099,7,21,18.73,0.29,5.43,4884.99,0
2025-09-24,20,Berlin,ST0184,150,42,24.32,0.2,4.86,5330.83,1
2019-07-06,10,Boston,ST0461,7,37,23.92,0.26,6.22,5542.17,0
2023-06-11,16,Seoul,ST0225,100,74,23.58,0.31,7.31,5323.07,0
2021-04-22,13,Oslo,ST0357,50,51,23.86,0.26,6.2,4743.82,0
2020-02-17,16,Helsinki,ST0096,100,72,26.15,0.28,7.32,4811.91,0
2021-11-25,23,London,ST0375,50,31,18.65,0.33,6.15,4812.12,0
2021-02-01,23,Dublin,ST0469,100,62,24.67,0.09,2.22,5049.01,0
2019-10-19,18,Chicago,ST0272,11,68,34.1,0.17,5.8,5397.0,1
2023-01-15,21,Miami,ST0420,22,66,28.41,0.08,2.27,4955.94,1
2024-01-28,12,Paris,ST0233,7,40,27.7,0.24,6.65,5424.85,0
2025-02-26,19,Stockholm,ST0195,150,19,7.68,0.23,1.77,4803.74,1
2020-01-30,13,Los Angeles,ST0318,22,10,15.53,0.21,3.26,5155.04,0
2024-12-15,18,Denver,ST0165,150,77,22.06,0.28,6.18,4971.9,1
2018-09-17,21,Osaka,ST0496,100,36,27.68,0.24,6.64,4690.99,1
2022-05-07,17,Seattle,ST0269,150,40,25.25,0.14,3.53,4926.31,1
2023-07-31,19,Sydney,ST0283,11,45,30.13,0.27,8.14,4996.8,1
2024-11-16,19,Miami,ST0166,50,50,26.02,0.09,2.34,4833.3,1
2025-03-10,10,London,ST0057,7,70,26.1,0.21,5.48,5252.78,0
2023-11-14,20,Osaka,ST0035,7,22,20.29,0.2,4.06,4108.88,1
2019-06-16,14,San Francisco,ST0448,7,41,22.35,0.12,2.68,5445.21,0
2020-04-07,17,Houston,ST0249,11,45,25.4,0.16,4.06,5169.79,1
2019-02-09,16,New York,ST0293,150,27,24.11,0.32,7.71,5278.84,0
2022-05-11,22,Osaka,ST0251,100,34,14.09,0.32,4.51,6023.63,0
2024-12-30,23,Seoul,ST0303,22,38,16.79,0.15,2.52,4185.28,0
2018-07-21,17,Paris,ST0114,100,77,26.53,0.24,6.37,5633.93,1
2018-10-18,15,Los Angeles,ST0477,11,85,38.16,0.21,8.01,4663.87,0
2025-05-09,21,Amsterdam,ST0476,7,38,16.78,0.31,5.2,5595.33,1
2023-04-02,18,Tokyo,ST0032,22,19,14.13,0.23,3.25,4666.59,1
2024-04-04,16,Singapore,ST0481,50,65,29.47,0.32,9.43,4442.55,0
2022-02-20,16,Seoul,ST0030,100,60,27.44,0.33,9.06,5140.03,0
2020-12-24,23,Stockholm,ST0021,150,55,29.91,0.2,5.98,5086.79,0
2018-10-16,22,Miami,ST0040,11,77,30.89,0.21,6.49,5752.21,0
2023-10-29,7,Houston,ST0052,150,16,23.33,0.22,5.13,5036.07,0
2020-08-04,18,Oslo,ST0198,11,56,20.65,0.26,5.37,5439.8,1
2020-03-02,23,Stockholm,ST0337,11,85,29.42,0.24,7.06,4316.1,0
2024-05-23,15,Tokyo,ST0486,11,41,28.17,0.18,5.07,5310.86,0
2024-04-06,17,Singapore,ST0286,50,41,24.16,0.19,4.59,4722.14,1
2019-03-09,9,Sydney,ST0327,100,40,20.4,0.18,3.67,4970.04,0
2022-01-06,21,Osaka,ST0235,150,49,28.86,0.26,7.5,4887.9,1
2025-06-17,15,Madrid,ST0453,7,51,26.99,0.32,8.64,5503.54,0
2019-11-15,15,San Francisco,ST0282,50,42,26.4,0.29,7.65,5375.07,0
2023-08-30,17,London,ST0337,11,19,15.29,0.24,3.67,5072.25,1
2023-12-27,12,Dublin,ST0227,22,45,26.56,0.14,3.72,5398.72,0
2021-07-14,16,Oslo,ST0167,22,70,23.73,0.15,3.56,4685.86,0
2022-08-16,17,Sydney,ST0325,50,37,21.36,0.24,5.13,4839.85,1
2021-08-17,17,Dublin,ST0124,100,10,21.16,0.21,4.44,5729.78,1
2024-02-13,13,Seattle,ST0193,100,10,22.29,0.24,5.35,4344.94,0
2020-11-06,10,Paris,ST0493,50,75,34.07,0.08,2.73,4607.17,0
2023-01-07,23,Berlin,ST0001,150,35,19.75,0.2,3.95,4478.54,0
2018-05-22,9,Miami,ST0306,7,66,16.71,0.24,4.01,5190.11,0
2023-10-22,10,Phoenix,ST0456,22,26,27.19,0.26,7.07,4500.1,0
2018-01-27,23,Miami,ST0114,11,69,27.63,0.16,4.42,4863.78,0
2021-07-13,19,Los Angeles,ST0396,150,41,27.61,0.11,3.04,4243.33,1
2021-02-04,18,Oslo,ST0262,100,35,19.06,0.1,1.91,4946.03,1
2024-05-26,17,Helsinki,ST0080,7,58,25.3,0.21,5.31,5529.72,1
2018-06-04,11,Rome,ST0183,11,55,16.24,0.16,2.6,4178.65,0
2019-07-21,21,Boston,ST0188,100,43,23.09,0.14,3.23,4862.52,1
2020-10-20,14,Denver,ST0132,22,52,19.28,0.31,5.98,4019.35,0
2019-01-12,13,Helsinki,ST0205,100,78,25.18,0.13,3.27,4970.27,0
2020-06-09,15,Singapore,ST0040,150,28,15.88,0.41,6.51,4737.75,0
2021-08-22,8,Amsterdam,ST0089,50,74,29.94,0.17,5.09,4313.18,0
2025-09-25,21,Seoul,ST0296,7,40,13.17,0.35,4.61,4755.69,1
2024-09-04,23,Tokyo,ST0154,7,70,21.39,0.29,6.2,4719.86,0
2024-06-18,8,Berlin,ST0041,7,36,24.31,0.19,4.62,4603.71,0
2021-10-01,23,Paris,ST0451,50,47,19.42,0.27,5.24,5136.53,0
2022-09-03,5,Houston,ST0446,11,53,26.32,0.22,5.79,5151.13,0
2025-04-27,14,Dublin,ST0476,7,51,16.29,0.25,4.07,5821.67,0
2025-02-09,13,Sydney,ST0324,50,29,17.93,0.23,4.12,4300.2,0
2018-08-10,20,Miami,ST0269,7,61,27.99,0.1,2.8,5509.55,1
2021-07-31,22,Oslo,ST0290,11,61,27.18,0.24,6.52,5564.93,0
2021-08-31,23,Stockholm,ST0358,11,25,26.39,0.21,5.54,5000.73,0
2019-09-20,10,New York,ST0345,150,39,17.69,0.19,3.36,4221.68,0
2022-05-29,15,Rome,ST0386,100,36,22.8,0.11,2.51,4168.46,0
2024-06-14,19,Stockholm,ST0047,11,29,26.85,0.24,6.44,5290.79,1
2022-11-05,23,Miami,ST0403,50,38,19.69,0.28,5.51,5293.51,0
2019-08-30,17,Phoenix,ST0173,7,72,25.58,0.22,5.63,4952.93,1
2023-05-04,13,Helsinki,ST0382,7,46,30.5,0.25,7.63,4897.55,0
2024-02-24,17,Berlin,ST0135,7,51,27.87,0.26,7.25,4785.54,1
2022-06-21,19,Stockholm,ST0223,150,54,19.44,0.23,4.47,3877.12,1
2019-06-19,20,Sydney,ST0070,50,58,28.7,0.19,5.45,5169.31,1
2024-04-09,23,Seattle,ST0250,50,73,26.61,0.23,6.12,5621.91,0
2025-04-25,10,Helsinki,ST0101,100,38,29.24,0.29,8.48,5001.58,0
2024-11-28,10,Singapore,ST0269,11,44,20.33,0.24,4.88,4376.65,0
2020-09-19,12,Chicago,ST0137,50,10,25.31,0.19,4.81,4919.81,0
2021-08-17,17,Osaka,ST0474,100,23,14.46,0.15,2.17,4536.27,1
2019-01-02,19,Houston,ST0344,50,29,30.21,0.29,8.76,5405.03,1
2022-10-01,17,Paris,ST0179,11,75,25.91,0.22,5.7,5028.63,1
2021-08-06,21,Paris,ST0305,150,57,22.46,0.18,4.04,5329.81,1
2018-04-10,21,Sydney,ST0157,11,37,14.5,0.21,3.05,5289.78,1
2021-12-03,23,Dublin,ST0421,50,21,18.39,0.19,3.49,5711.45,0
2024-12-27,17,Phoenix,ST0226,7,26,23.91,0.19,4.54,4323.46,1
2020-08-14,13,Seattle,ST0351,22,79,29.4,0.23,6.76,4752.66,0
2019-10-01,19,Sydney,ST0373,7,50,25.46,0.23,5.86,5416.24,1
2019-04-06,18,Singapore,ST0028,11,25,17.94,0.08,1.44,5945.16,1
2024-12-18,22,Phoenix,ST0445,22,28,19.95,0.18,3.59,5791.08,0
2018-02-26,10,London,ST0356,7,47,23.1,0.28,6.47,4740.38,0
2021-06-03,9,Rome,ST0242,7,39,17.82,0.23,4.1,5468.37,0
2021-09-21,9,Seattle,ST0379,100,28,18.6,0.19,3.53,5124.45,0
2020-05-17,17,Seattle,ST0280,100,53,21.23,0.24,5.1,5313.82,1
2020-11-25,14,Oslo,ST0248,100,60,25.46,0.29,7.38,4781.14,0
2019-08-02,19,Seoul,ST0358,150,44,22.8,0.24,5.47,5239.6,1
2018-03-17,11,Berlin,ST0299,150,73,17.46,0.17,2.97,4742.71,0
2023-11-28,20,New York,ST0131,11,76,17.83,0.18,3.21,3907.9,1
2018-09-04,18,Miami,ST0103,150,50,31.95,0.23,7.35,5509.83,1
2024-12-06,20,Boston,ST0028,50,36,15.28,0.24,3.67,4215.05,1
2025-05-05,23,Los Angeles,ST0035,50,41,28.9,0.19,5.49,5210.01,0
2025-05-28,19,Boston,ST0340,150,44,21.12,0.25,5.28,4501.39,1
2022-01-15,11,Houston,ST0010,22,69,29.92,0.22,6.58,5672.23,0
2025-04-13,16,Berlin,ST0119,50,71,27.4,0.15,4.11,5853.61,0
2023-09-14,22,Seoul,ST0051,22,42,26.68,0.19,5.07,5461.28,0
2023-06-09,6,Dublin,ST0273,7,24,25.78,0.2,5.16,4826.88,0
2020-02-03,11,Seattle,ST0257,50,81,33.67,0.21,7.07,4652.34,0
2024-04-15,23,Seoul,ST0012,7,84,32.85,0.37,12.15,4630.22,0
2020-10-10,13,Stockholm,ST0157,22,21,22.73,0.23,5.23,4774.94,0
2023-06-30,22,Berlin,ST0382,11,69,18.65,0.18,3.36,5424.68,0
2018-03-17,15,Paris,ST0351,22,29,26.57,0.13,3.45,4755.5,0
2021-12-26,19,Tokyo,ST0155,11,33,25.88,0.18,4.66,5687.81,1
2023-08-16,17,Boston,ST0416,7,58,28.69,0.18,5.16,3928.02,1
2025-01-07,19,Boston,ST0450,50,46,26.3,0.2,5.26,4769.98,1
2018-05-01,23,Oslo,ST0486,22,15,23.47,0.18,4.22,4885.99,0
2020-07-12,16,Phoenix,ST0175,50,28,24.22,0.32,7.75,5151.87,0
2025-05-14,18,Phoenix,ST0045,150,25,23.58,0.37,8.73,4763.99,1
2022-04-15,16,Stockholm,ST0492,150,33,19.51,0.08,1.56,5100.57,0
2024-11-13,13,Tokyo,ST0352,11,12,23.21,0.14,3.25,4683.49,0
2022-09-06,23,Denver,ST0294,11,16,12.26,0.24,2.94,5583.77,0
2022-10-13,10,Miami,ST0466,100,53,27.26,0.08,2.18,5208.31,0
2021-09-10,22,Rome,ST0278,11,38,28.82,0.3,8.65,5106.85,0
2020-04-26,15,Tokyo,ST0071,100,25,20.81,0.26,5.41,4721.16,0
2024-01-27,7,Osaka,ST0410,11,70,27.35,0.19,5.2,5177.98,0
2019-07-20,23,Miami,ST0353,150,10,21.37,0.12,2.56,5295.04,0
2023-11-16,18,Phoenix,ST0221,11,57,22.34,0.09,2.01,4724.19,1
2025-05-11,20,Helsinki,ST0470,11,65,19.94,0.29,5.78,4655.83,1
2021-07-24,19,Chicago,ST0286,100,34,22.99,0.28,6.44,4358.46,1
2019-04-30,14,San Francisco,ST0163,11,48,35.77,0.16,5.72,5943.14,0
2018-05-01,23,Sydney,ST0164,50,43,21.67,0.17,3.68,5012.58,0
2022-08-12,10,Miami,ST0227,150,43,30.64,0.18,5.52,4702.22,0
2025-02-21,9,Singapore,ST0141,11,52,25.56,0.22,5.62,4673.84,0
2020-02-09,16,Houston,ST0068,11,55,24.46,0.24,5.87,5025.32,0
2018-04-18,23,Sydney,ST0314,100,58,25.92,0.33,8.56,5273.83,0
2020-12-29,23,Dublin,ST0291,100,57,15.63,0.31,4.85,5090.11,0
2020-08-03,17,Dublin,ST0119,11,50,22.28,0.24,5.35,4633.16,1
2025-09-16,23,Los Angeles,ST0184,7,42,21.13,0.16,3.38,5178.9,0
2025-09-19,18,Sydney,ST0245,11,52,19.1,0.11,2.1,5249.21,1
2023-08-20,23,Dublin,ST0241,150,24,28.83,0.24,6.92,5071.78,0
2025-04-14,16,Paris,ST0095,50,17,24.98,0.17,4.25,4530.01,0
2023-07-06,22,Amsterdam,ST0071,11,10,11.58,0.22,2.55,5132.97,0
2020-03-02,20,Denver,ST0017,50,38,35.21,0.2,7.04,4925.45,1
2018-03-03,14,Boston,ST0487,50,47,26.71,0.3,8.01,4142.22,0
2020-06-30,16,Singapore,ST0344,11,53,27.3,0.22,6.0,5200.39,0
2020-04-17,13,Chicago,ST0091,50,76,32.08,0.13,4.17,4350.78,0
2024-12-02,12,Amsterdam,ST0353,22,58,18.54,0.2,3.71,5041.5,0
2023-02-18,17,Denver,ST0219,50,50,18.67,0.26,4.85,4608.08,1
2018-06-21,16,Dublin,ST0377,50,49,24.4,0.22,5.37,4542.27,0
2021-07-05,16,Berlin,ST0314,150,45,16.52,0.19,3.14,5079.94,0
2024-05-31,11,Dublin,ST0275,100,68,32.51,0.13,4.23,5528.84,0
2025-03-12,17,Seoul,ST0403,7,53,21.88,0.28,6.13,5130.55,1
2023-11-03,13,Houston,ST0232,50,21,13.22,0.23,3.04,5099.11,0
2018-06-23,21,Denver,ST0266,100,42,17.26,0.17,2.93,5565.19,1
2022-06-09,15,Singapore,ST0021,100,47,18.26,0.24,4.38,4644.2,0
2022-05-06,23,Stockholm,ST0392,150,60,22.72,0.21,4.77,4775.33,0
2018-07-21,10,Seattle,ST0150,50,27,22.23,0.24,5.34,4863.2,0
2022-06-19,16,Miami,ST0397,22,63,25.88,0.27,6.99,4036.62,0
2023-03-05,0,San Francisco,ST0217,22,50,16.88,0.21,3.54,4416.46,0
2024-11-16,23,New York,ST0354,100,52,25.07,0.28,7.02,5244.53,0
2019-08-06,15,Rome,ST0425,150,66,20.37,0.24,4.89,4107.7,0
2023-01-25,19,Chicago,ST0370,100,48,32.14,0.11,3.54,4708.13,1
2019-04-09,22,San Francisco,ST0399,100,51,25.02,0.15,3.75,4744.68,0
2025-10-22,23,Oslo,ST0070,50,43,25.04,0.21,5.26,4468.6,0
2022-08-21,22,London,ST0231,7,55,36.13,0.15,5.42,5495.8,0
2020-01-03,11,Rome,ST0303,150,48,28.64,0.08,2.29,4732.1,0
2020-04-07,15,Rome,ST0047,22,30,23.53,0.3,7.06,4827.46,0
2021-08-20,19,Seoul,ST0333,150,47,23.65,0.14,3.31,5528.82,1
2019-11-03,19,Seoul,ST0376,7,52,20.21,0.19,3.84,4872.76,1
2019-01-09,10,Houston,ST0362,50,11,16.32,0.26,4.24,4438.7,0
2025-02-10,12,Paris,ST0044,100,28,19.08,0.2,3.82,5899.09,0
2025-12-07,23,Berlin,ST0373,100,65,31.64,0.15,4.75,4475.39,0
2024-11-12,12,San Francisco,ST0194,100,71,23.78,0.13,3.09,4619.64,0
2022-04-08,16,New York,ST0394,11,50,25.25,0.16,4.04,5263.85,0
2021-10-04,14,Helsinki,ST0447,150,41,26.35,0.18,4.74,4600.74,0
2019-09-07,20,San Francisco,ST0445,11,27,19.32,0.26,5.02,6004.31,1
2020-01-03,21,Sydney,ST0365,7,54,27.13,0.14,3.8,5086.33,1
2022-09-15,17,Miami,ST0159,150,51,24.7,0.25,6.18,4783.08,1
2023-01-02,18,Miami,ST0321,11,20,18.8,0.32,6.02,5094.61,1
2019-04-27,17,Phoenix,ST0492,11,82,21.04,0.14,2.95,5780.5,1
2018-01-15,18,Dublin,ST0392,22,40,16.8,0.25,4.2,5199.45,1
2018-02-20,12,Rome,ST0255,50,42,21.36,0.24,5.13,4265.82,0
2024-02-05,23,Los Angeles,ST0312,50,63,23.74,0.2,4.75,4986.77,0
2020-09-01,14,Seattle,ST0302,150,36,20.97,0.33,6.92,5337.18,0
2023-05-03,22,Rome,ST0210,50,52,18.65,0.22,4.1,5499.86,0
2018-11-22,11,Dublin,ST0308,7,57,36.45,0.29,10.57,5572.83,0
2020-09-29,19,Oslo,ST0143,100,64,22.09,0.28,6.19,5295.56,1
2025-01-18,19,Oslo,ST0420,11,71,23.83,0.21,5.0,5023.04,1
2018-07-20,12,San Francisco,ST0076,7,49,15.29,0.29,4.43,4824.46,0
2025-04-29,15,Paris,ST0019,11,28,20.19,0.27,5.45,5154.62,0
2018-05-13,14,Osaka,ST0296,100,28,24.64,0.17,4.19,4908.53,0
2021-05-07,18,London,ST0472,7,51,28.41,0.13,3.69,4018.07,1
2018-07-20,15,Houston,ST0214,11,81,37.83,0.35,13.24,4854.83,0
2019-10-23,9,Osaka,ST0146,100,10,16.13,0.21,3.39,5394.83,0
2025-05-31,22,Seoul,ST0359,100,49,19.43,0.15,2.91,5144.79,0
2024-06-02,21,Oslo,ST0091,50,52,19.07,0.27,5.15,5209.22,1
2024-06-29,12,Paris,ST0477,7,29,24.92,0.2,4.98,5634.26,0
2019-01-17,20,Sydney,ST0154,22,35,22.15,0.22,4.87,4624.4,1
2022-02-18,13,Berlin,ST0420,7,59,29.31,0.26,7.62,5634.88,0
2022-10-17,15,Oslo,ST0034,22,78,22.86,0.15,3.43,4011.44,0
2023-04-13,15,Phoenix,ST0063,150,34,24.71,0.24,5.93,4302.35,0
2021-01-29,16,London,ST0270,50,37,13.56,0.15,2.03,4488.83,0
2023-11-19,23,Seattle,ST0357,11,48,27.07,0.12,3.25,5665.39,0
2024-11-11,23,New York,ST0056,100,10,15.67,0.25,3.92,5344.89,0
2025-01-20,14,Stockholm,ST0045,50,38,19.57,0.23,4.5,5456.88,0
2025-09-21,14,Dublin,ST0479,150,65,21.89,0.16,3.5,5276.86,0
2021-03-22,22,Madrid,ST0312,22,62,18.86,0.19,3.58,5426.94,0
2020-11-29,18,Stockholm,ST0295,100,23,23.05,0.17,3.92,5849.47,1
2021-12-20,23,Phoenix,ST0315,100,57,31.65,0.22,6.96,5469.3,0
2023-07-27,23,Stockholm,ST0374,150,49,22.6,0.1,2.26,5008.85,0
2023-08-01,22,Amsterdam,ST0414,11,63,28.08,0.18,5.05,4063.92,0
2024-11-01,15,Denver,ST0363,22,38,21.0,0.26,5.46,5876.82,0
2020-03-03,18,Los Angeles,ST0061,7,40,21.5,0.23,4.95,4531.87,1
2023-03-20,18,Tokyo,ST0408,7,54,25.53,0.25,6.38,5178.99,1
2020-04-29,9,Dublin,ST0213,50,57,21.48,0.14,3.01,4213.71,0
2018-07-06,20,London,ST0180,100,40,14.39,0.25,3.6,4237.76,1
2025-02-24,18,Seattle,ST0006,150,49,28.31,0.34,9.62,4290.89,1
2020-04-04,17,Seoul,ST0145,22,39,24.85,0.24,5.96,4763.12,1
2018-10-05,15,Miami,ST0154,100,22,25.58,0.25,6.39,5361.2,0
2024-03-02,16,London,ST0393,7,31,16.33,0.25,4.08,4365.42,0
2019-04-12,23,Osaka,ST0171,22,18,21.53,0.33,7.1,5345.66,0
2022-06-11,18,Singapore,ST0292,100,25,14.09,0.27,3.8,5669.44,1
2018-04-30,15,San Francisco,ST0100,22,22,8.35,0.15,1.25,4776.57,0
2021-10-16,23,Osaka,ST0246,50,58,26.49,0.19,5.03,4774.36,0
2018-05-26,23,Tokyo,ST0070,50,49,13.37,0.17,2.27,4584.36,0
2019-09-29,15,Tokyo,ST0236,100,56,24.18,0.21,5.08,5553.47,0
2021-10-04,14,Rome,ST0402,50,82,24.48,0.23,5.63,4737.33,0
2018-08-18,18,Stockholm,ST0154,100,53,26.53,0.17,4.51,4404.66,1
2025-08-09,23,London,ST0285,100,35,25.7,0.11,2.83,4922.98,0
2018-03-18,17,Seattle,ST0296,150,54,10.87,0.23,2.5,4308.6,1
2021-09-20,19,Paris,ST0034,11,24,16.6,0.2,3.32,4420.25,1
2021-02-22,15,Los Angeles,ST0174,50,21,11.35,0.29,3.29,4197.39,0
2025-01-10,17,Oslo,ST0432,11,60,22.13,0.16,3.54,5041.62,1
2024-05-27,23,Dublin,ST0200,11,21,19.77,0.1,1.98,4842.48,0
2024-09-03,18,Houston,ST0443,22,27,18.96,0.12,2.27,4974.36,1
2025-11-28,23,London,ST0364,7,23,17.65,0.26,4.59,5636.63,0
2021-01-17,10,Madrid,ST0045,50,41,24.34,0.21,5.11,3558.95,0
2020-08-31,20,Paris,ST0232,22,75,27.58,0.15,4.14,4753.77,1
2020-06-04,23,Stockholm,ST0155,11,63,28.76,0.24,6.9,4744.47,0
2019-04-05,16,Paris,ST0402,7,43,25.91,0.33,8.55,5482.8,0
2020-04-07,10,Chicago,ST0228,100,49,27.56,0.26,7.17,4495.64,0
2018-04-13,23,Amsterdam,ST0464,100,19,14.86,0.24,3.57,6077.86,0
2019-09-24,13,Seattle,ST0175,50,39,28.07,0.22,6.17,4704.96,0
2023-11-15,20,Miami,ST0398,22,50,29.15,0.31,9.04,5170.11,1
2019-08-10,19,Sydney,ST0447,7,49,26.33,0.22,5.79,4985.0,1
2023-10-16,23,Osaka,ST0068,11,75,19.46,0.22,4.28,4693.5,0
2018-05-30,16,Rome,ST0199,150,53,27.71,0.21,5.82,3974.16,0
2023-11-10,13,Houston,ST0003,22,62,11.74,0.3,3.52,5067.57,0
2018-06-30,23,Osaka,ST0435,100,41,12.61,0.25,3.15,5647.78,0
2018-12-23,22,London,ST0240,7,31,22.15,0.18,3.99,4618.98,0
2019-02-27,22,Stockholm,ST0393,150,21,16.05,0.14,2.25,4259.08,0
2021-07-03,18,Los Angeles,ST0296,22,68,25.24,0.11,2.78,5380.91,1
2025-03-01,23,Seattle,ST0165,11,32,19.45,0.26,5.06,5848.73,0
2020-02-28,15,Miami,ST0142,100,18,23.32,0.28,6.53,4896.33,0
2021-07-31,15,Sydney,ST0226,150,64,28.32,0.17,4.81,4937.83,0
2019-04-27,11,Boston,ST0077,11,58,23.65,0.19,4.49,4798.16,0
2021-01-25,18,Houston,ST0008,100,62,28.4,0.21,5.96,5355.42,1
2024-04-11,20,Stockholm,ST0053,11,36,21.7,0.21,4.56,5239.42,1
2024-02-01,16,Paris,ST0282,22,37,32.28,0.29,9.36,4568.83,0
2021-01-15,20,Phoenix,ST0483,150,47,25.6,0.23,5.89,5597.21,1
2021-03-06,19,Helsinki,ST0126,11,43,28.37,0.24,6.81,5054.22,1
2018-10-19,19,Miami,ST0314,22,43,23.21,0.18,4.18,4597.24,1
2024-01-24,13,Rome,ST0026,11,17,15.64,0.21,3.28,4874.12,0
2018-04-29,16,Amsterdam,ST0463,150,10,27.07,0.3,8.12,5151.17,0
2018-07-26,23,Houston,ST0197,7,25,30.44,0.15,4.57,5201.12,0
2018-12-19,11,Madrid,ST0201,11,45,25.33,0.21,5.32,5178.26,0
2025-11-26,18,Dublin,ST0457,100,34,19.25,0.28,5.39,4610.11,1
2025-01-22,22,Seoul,ST0359,50,69,17.94,0.3,5.38,6041.96,0
2024-11-29,19,Paris,ST0160,22,56,29.91,0.2,5.98,5090.76,1
2020-03-22,11,Seoul,ST0389,150,47,26.13,0.26,6.79,5357.23,0
2023-12-26,14,Chicago,ST0499,50,34,31.56,0.21,6.63,5006.25,0
2024-05-14,17,Phoenix,ST0048,150,28,29.48,0.18,5.31,4394.27,1
2023-04-03,15,Houston,ST0234,22,10,15.94,0.15,2.39,5172.49,0
2025-09-04,14,Tokyo,ST0364,50,62,32.43,0.27,8.76,4802.04,0
2023-04-12,18,Denver,ST0486,11,14,19.01,0.16,3.04,5283.21,1
2019-08-12,23,Dublin,ST0133,22,54,14.52,0.19,2.76,5079.34,0
2022-05-25,18,San Francisco,ST0359,150,30,22.83,0.13,2.97,4478.85,1
2021-09-15,21,London,ST0233,50,24,23.57,0.12,2.83,5896.7,1
2018-05-04,14,Chicago,ST0244,7,40,24.45,0.18,4.4,4949.52,0
2021-12-10,20,Amsterdam,ST0237,11,64,29.64,0.21,6.22,4945.23,1
2021-03-02,23,Sydney,ST0179,100,63,20.95,0.23,4.82,4876.23,0
2024-06-11,17,Phoenix,ST0261,7,20,18.34,0.35,6.42,5202.9,1
2022-07-20,5,Seoul,ST0408,7,69,31.73,0.19,6.03,5085.54,0
2021-08-27,13,Oslo,ST0333,7,35,29.69,0.2,5.94,3943.91,0
2021-05-22,17,Oslo,ST0237,50,43,29.15,0.22,6.41,4745.82,1
2024-08-15,23,Madrid,ST0123,100,47,19.89,0.3,5.97,5136.39,0
2020-09-25,18,Oslo,ST0082,50,48,18.41,0.18,3.31,4935.42,1
2022-04-22,17,Chicago,ST0175,11,70,27.49,0.28,7.7,4954.65,1
2025-10-13,23,Helsinki,ST0221,50,52,24.31,0.22,5.35,4580.01,0
2024-05-12,20,London,ST0279,150,44,20.77,0.3,6.23,4357.97,1
2020-08-25,15,San Francisco,ST0340,150,65,27.38,0.22,6.02,5035.01,0
2018-11-16,18,Singapore,ST0477,150,14,17.93,0.33,5.92,4602.07,1
2024-06-09,16,Amsterdam,ST0059,100,34,21.64,0.18,3.9,5149.95,0
2024-09-07,18,Rome,ST0167,100,60,19.95,0.2,3.99,4826.92,1
2019-02-04,20,Rome,ST0091,22,29,26.06,0.3,7.82,4509.8,1
2022-07-21,15,Chicago,ST0307,7,34,35.24,0.19,6.7,5779.78,0
2025-09-08,11,Dublin,ST0395,50,25,17.57,0.16,2.81,4656.32,0
2021-09-03,14,Amsterdam,ST0331,150,28,27.15,0.31,8.42,5363.26,0
2018-09-09,20,Chicago,ST0112,11,46,21.03,0.15,3.16,5165.64,1
2024-07-06,12,Sydney,ST0326,7,25,26.76,0.35,9.37,5043.71,0
2019-08-24,23,Osaka,ST0077,50,40,16.11,0.26,4.19,5309.09,0
2023-12-17,18,Miami,ST0200,100,40,27.61,0.15,4.14,4583.55,1
2024-06-25,12,Rome,ST0101,11,46,18.08,0.17,3.07,4459.44,0
2025-08-23,16,London,ST0154,100,15,20.24,0.31,6.27,4968.69,0
2025-08-15,23,Miami,ST0471,50,71,30.41,0.23,6.99,5092.88,0
2021-11-11,21,Chicago,ST0299,7,37,13.03,0.25,3.26,4406.58,1
2024-11-09,13,Stockholm,ST0207,11,45,22.92,0.12,2.75,4934.44,0
2021-04-19,22,New York,ST0190,100,22,27.0,0.11,2.97,6106.67,0
2018-08-06,15,Los Angeles,ST0361,100,47,14.18,0.22,3.12,4970.96,0
2022-01-11,17,Houston,ST0441,22,33,17.23,0.3,5.17,4924.31,1
2018-05-08,23,Denver,ST0222,150,34,19.91,0.28,5.57,4228.14,0
2024-08-14,11,Berlin,ST0321,22,66,20.06,0.09,1.81,5734.5,0
2025-12-25,11,Berlin,ST0208,50,48,24.11,0.08,1.93,4682.76,0
2022-11-18,20,Oslo,ST0109,150,52,28.76,0.19,5.46,5371.28,1
2019-12-12,14,Amsterdam,ST0072,11,16,13.43,0.12,1.61,5338.52,0
2024-03-25,10,Berlin,ST0432,22,50,22.67,0.21,4.76,5472.49,0
2022-09-05,15,Phoenix,ST0148,150,57,25.03,0.21,5.26,6050.1,0
2019-05-30,10,Phoenix,ST0006,7,70,29.68,0.19,5.64,5633.39,0
2025-04-09,8,Los Angeles,ST0074,150,34,16.04,0.25,4.01,4167.62,0
2023-06-17,20,Osaka,ST0224,11,41,20.52,0.25,5.13,4847.78,1
2018-12-13,12,Phoenix,ST0329,50,101,27.68,0.08,2.21,4429.69,0
2023-02-11,11,Seoul,ST0310,50,61,26.93,0.25,6.73,4642.7,0
2024-12-27,16,San Francisco,ST0233,100,37,22.03,0.28,6.17,5076.17,0
2022-10-04,20,Oslo,ST0420,50,54,28.9,0.24,6.94,5195.03,1
2022-04-25,23,Paris,ST0116,11,31,17.44,0.14,2.44,5121.22,0
2022-10-06,8,Dublin,ST0004,100,54,23.93,0.3,7.18,4419.78,0
2023-08-03,16,Singapore,ST0122,150,67,32.96,0.17,5.6,5042.71,0
2023-08-18,19,Boston,ST0211,100,52,22.93,0.31,7.11,4026.86,1
2024-06-18,15,Paris,ST0018,7,53,26.65,0.31,8.26,5505.7,0
2024-05-16,16,Amsterdam,ST0361,22,70,22.83,0.29,6.62,5816.58,0
2019-04-09,23,Helsinki,ST0247,150,47,21.98,0.11,2.42,5203.19,0
2018-11-24,12,Phoenix,ST0374,150,29,15.53,0.19,2.95,4788.12,0
2023-11-27,19,Sydney,ST0399,22,32,27.19,0.21,5.71,4594.88,1
2023-03-20,19,Stockholm,ST0041,100,84,29.76,0.19,5.65,4235.29,1
2024-11-03,16,Chicago,ST0126,50,49,21.94,0.1,2.19,4482.49,0
2025-01-27,23,Singapore,ST0340,150,73,22.33,0.27,6.03,4460.02,0
2018-11-16,23,Osaka,ST0325,100,49,28.63,0.1,2.86,5413.33,0
2024-07-02,17,Miami,ST0314,7,62,30.01,0.22,6.6,4659.64,1
2021-11-08,21,Oslo,ST0399,7,43,18.8,0.16,3.01,4256.6,1
2023-04-05,15,Rome,ST0263,50,67,26.93,0.18,4.85,5310.14,0
2024-06-08,13,Singapore,ST0170,50,46,22.62,0.27,6.11,4061.87,0
2021-12-16,13,Miami,ST0149,11,12,18.14,0.3,5.44,4579.84,0
2018-05-25,15,Seoul,ST0473,100,62,30.78,0.21,6.46,5265.49,0
2021-05-30,12,Singapore,ST0402,100,72,37.38,0.26,9.72,3847.37,0
2020-12-02,15,New York,ST0323,50,57,22.73,0.31,7.05,5185.01,0
2024-06-26,14,San Francisco,ST0294,7,45,18.93,0.21,3.98,4578.43,0
2025-05-12,23,Miami,ST0415,150,87,21.28,0.09,1.92,4922.55,0
2025-01-01,10,Los Angeles,ST0147,50,45,27.14,0.32,8.69,4909.28,0
2018-12-04,17,Phoenix,ST0259,7,10,19.33,0.22,4.25,5236.8,1
2021-02-12,14,Boston,ST0068,100,36,14.93,0.08,1.19,4285.47,0
2021-02-24,10,Boston,ST0440,22,51,21.53,0.18,3.88,4293.91,0
2018-02-28,1,Singapore,ST0058,100,75,22.0,0.19,4.18,3880.55,0
2019-12-17,22,Helsinki,ST0379,11,47,19.51,0.19,3.71,5857.12,0
2025-05-23,17,Rome,ST0190,11,41,18.21,0.09,1.64,4832.83,1
2020-12-06,19,Seoul,ST0121,50,66,14.68,0.14,2.05,4648.34,1
2020-01-11,17,Stockholm,ST0442,7,42,22.43,0.25,5.61,4478.08,1
2021-11-05,22,Chicago,ST0496,11,53,22.76,0.33,7.51,5809.25,0
2024-09-05,22,Phoenix,ST0429,50,10,27.09,0.28,7.59,6051.58,0
2022-08-19,23,Sydney,ST0197,11,76,31.51,0.31,9.77,6083.11,0
2025-05-30,19,Rome,ST0372,150,13,18.02,0.25,4.51,4989.53,1
2019-11-17,11,Seattle,ST0296,150,12,15.73,0.28,4.41,5573.11,0
2021-11-14,22,New York,ST0329,22,66,25.52,0.1,2.55,4814.45,0
2019-04-21,16,New York,ST0086,50,35,22.47,0.25,5.62,5336.4,0
2022-06-22,16,Amsterdam,ST0155,50,10,16.79,0.22,3.69,5498.55,0
2023-12-22,15,Denver,ST0195,150,55,26.05,0.22,5.73,5369.47,0
2025-11-30,14,Berlin,ST0243,22,33,21.9,0.18,3.94,5121.61,0
2019-08-18,14,Stockholm,ST0446,50,49,23.38,0.24,5.61,4643.65,0
2018-02-18,16,Miami,ST0475,50,46,24.53,0.22,5.4,5770.8,0
2022-04-14,13,Osaka,ST0162,100,43,15.29,0.25,3.82,4263.54,0
2025-08-29,16,New York,ST0050,100,37,23.84,0.18,4.29,4617.72,0
2025-02-23,23,Paris,ST0490,50,50,21.19,0.2,4.24,5867.46,0
2024-11-05,16,Tokyo,ST0440,22,31,18.3,0.18,3.29,4595.93,0
2021-10-04,11,Boston,ST0137,7,22,16.49,0.26,4.29,4595.35,0
2020-11-11,16,Tokyo,ST0300,50,70,32.88,0.2,6.58,4636.07,0
2023-03-04,13,Sydney,ST0346,150,58,23.94,0.19,4.55,4448.91,0
2020-09-17,14,Singapore,ST0345,100,51,17.54,0.29,5.09,4583.25,0
2020-03-09,17,Stockholm,ST0173,150,18,20.1,0.2,4.02,4895.35,1
2025-09-28,23,San Francisco,ST0161,100,48,19.79,0.17,3.36,5336.71,0
2018-02-13,23,Osaka,ST0005,7,50,27.44,0.26,7.14,5779.31,0
2018-02-18,8,Madrid,ST0051,100,58,29.88,0.13,3.88,4336.68,0
2019-03-02,13,Osaka,ST0229,22,30,19.19,0.24,4.61,5269.6,0
2020-06-17,23,Singapore,ST0146,22,28,17.14,0.31,5.31,5351.92,0
2020-03-01,18,New York,ST0013,100,54,24.33,0.26,6.33,4789.29,1
2019-01-12,19,New York,ST0481,100,14,16.24,0.17,2.76,4757.77,1
2025-05-13,13,Seattle,ST0487,100,34,14.51,0.26,3.77,4776.77,0
2025-02-26,9,Houston,ST0363,7,28,23.04,0.18,4.15,4423.7,0
2018-12-20,17,Dublin,ST0067,50,51,16.94,0.26,4.4,4507.61,1
2025-05-12,17,Sydney,ST0461,150,44,20.64,0.15,3.1,4779.74,1
2024-05-07,23,San Francisco,ST0459,7,17,28.5,0.2,5.7,5091.69,0
2025-10-20,12,San Francisco,ST0130,22,29,18.97,0.15,2.84,4711.4,0
2023-03-28,15,Osaka,ST0480,7,82,22.01,0.23,5.06,5011.96,0
2025-03-01,12,Rome,ST0473,22,58,22.97,0.08,1.84,5161.8,0
2022-10-15,12,Seoul,ST0463,150,24,24.32,0.2,4.86,5296.16,0
2021-08-17,23,Boston,ST0083,7,32,25.81,0.17,4.39,6179.78,0
2021-02-09,14,Sydney,ST0032,50,65,30.02,0.24,7.2,4564.8,0
2022-05-11,17,London,ST0031,22,10,20.32,0.24,4.88,4988.04,1
2020-12-20,3,San Francisco,ST0226,7,19,16.54,0.24,3.97,4770.83,0
2023-07-08,17,Seattle,ST0313,50,57,19.71,0.26,5.12,5156.21,1
2020-01-01,19,Tokyo,ST0252,7,41,32.07,0.25,8.02,4524.13,1
2019-08-13,19,Oslo,ST0394,50,60,22.26,0.3,6.68,5160.05,1
2020-06-13,6,Dublin,ST0330,7,50,21.97,0.26,5.71,5179.99,0
2022-12-14,18,Seoul,ST0133,7,78,26.47,0.26,6.88,5368.34,1
2018-05-23,17,Chicago,ST0037,100,60,22.23,0.19,4.22,4272.66,1
2020-10-23,19,Sydney,ST0229,7,51,30.02,0.28,8.4,4857.67,1
2023-08-01,12,Phoenix,ST0335,150,53,29.91,0.27,8.08,5401.89,0
2018-01-04,16,New York,ST0341,50,35,18.52,0.22,4.07,4854.77,0
2020-12-27,19,Phoenix,ST0359,22,42,22.37,0.17,3.8,5440.3,1
2022-05-22,18,Helsinki,ST0002,100,41,19.18,0.13,2.49,5590.71,1
2025-12-08,20,Sydney,ST0252,50,12,23.26,0.28,6.51,5055.21,1
2022-11-22,23,Berlin,ST0433,150,49,16.8,0.25,4.2,5149.63,0
2018-10-15,14,Oslo,ST0116,7,56,16.38,0.29,4.75,4406.47,0
2022-04-24,13,Seoul,ST0419,50,42,25.2,0.23,5.8,4489.49,0
2019-05-12,15,Helsinki,ST0275,22,22,19.52,0.3,5.85,4875.93,0
2021-09-27,22,Osaka,ST0156,50,74,23.94,0.21,5.03,6121.36,0
2018-08-15,23,Tokyo,ST0491,150,11,21.26,0.22,4.68,5458.25,0
2019-01-07,14,Paris,ST0274,22,28,17.98,0.18,3.24,5259.58,0
2018-11-26,12,Rome,ST0390,22,32,12.89,0.29,3.74,5427.09,0
2025-04-07,16,Seattle,ST0091,100,39,24.95,0.32,7.98,5124.09,0
2018-06-11,14,Berlin,ST0339,11,12,13.86,0.23,3.19,4507.79,0
2021-05-09,18,Seoul,ST0200,7,33,16.67,0.14,2.33,5707.85,1
2025-01-27,22,Seoul,ST0184,50,79,30.18,0.19,5.73,5722.39,0
2018-12-14,17,Tokyo,ST0225,150,49,23.67,0.08,1.89,5737.03,1
2020-02-16,20,Phoenix,ST0019,11,51,23.81,0.23,5.48,4696.61,1
2018-04-14,21,Singapore,ST0304,11,18,21.09,0.26,5.48,4905.03,1
2023-06-27,19,Berlin,ST0033,100,25,16.17,0.24,3.88,5283.96,1
2025-03-20,8,Miami,ST0256,100,55,21.88,0.21,4.6,4077.78,0
2023-01-15,13,Los Angeles,ST0019,22,64,25.84,0.19,4.91,4805.13,0
2018-08-18,20,London,ST0404,150,53,23.98,0.3,7.2,5481.17,1
2018-06-25,20,Berlin,ST0061,11,46,26.81,0.24,6.43,5537.63,1
2025-05-02,22,Osaka,ST0268,50,24,15.45,0.17,2.63,5489.87,0
2025-08-09,10,Oslo,ST0077,150,52,26.05,0.3,7.82,4894.38,0
2024-07-01,11,Denver,ST0474,7,25,15.09,0.18,2.72,4688.91,0
2018-06-01,12,Singapore,ST0073,50,74,20.25,0.31,6.28,5413.6,0
2025-05-02,22,Los Angeles,ST0242,100,31,23.43,0.13,3.05,5489.18,0
2018-07-07,17,Denver,ST0360,150,36,16.2,0.08,1.3,4385.53,1
2019-06-19,23,Los Angeles,ST0089,150,36,21.47,0.27,5.8,5948.73,0
2018-07-24,23,Miami,ST0421,7,25,11.29,0.39,4.4,6139.64,0
2023-02-12,18,Dublin,ST0088,100,19,25.1,0.21,5.27,4903.89,1
2018-09-19,22,Houston,ST0059,50,51,18.19,0.2,3.64,5343.34,0
2024-09-03,20,Dublin,ST0113,7,50,28.67,0.19,5.45,5104.0,1
2020-04-10,1,Madrid,ST0173,150,36,26.14,0.19,4.97,4391.44,0
2025-08-10,12,Berlin,ST0167,7,65,28.54,0.28,7.99,3991.06,0
2025-09-03,17,Helsinki,ST0280,11,39,21.28,0.18,3.83,4752.06,1
2021-08-10,22,Seattle,ST0392,7,10,28.09,0.25,7.02,5031.18,0
2024-08-26,22,San Francisco,ST0172,7,15,16.48,0.21,3.46,5688.69,0
2019-05-10,17,Boston,ST0073,50,54,21.53,0.25,5.38,5764.75,1
2019-11-20,22,Seoul,ST0190,100,43,26.54,0.26,6.9,5299.44,0
2019-11-07,23,Rome,ST0125,100,67,25.4,0.26,6.61,4870.07,0
2018-06-16,13,Phoenix,ST0052,150,39,22.3,0.1,2.23,5279.36,0
2024-11-13,4,Berlin,ST0399,11,99,37.39,0.2,7.48,4734.27,0
2018-03-06,19,Amsterdam,ST0042,7,33,22.92,0.21,4.81,4924.56,1
2018-01-30,18,San Francisco,ST0475,7,18,20.36,0.23,4.68,5005.86,1
2025-12-04,16,Tokyo,ST0304,22,67,24.27,0.24,5.83,5565.74,0
2022-09-01,17,Seoul,ST0414,50,49,23.4,0.31,7.25,4804.73,1
2025-10-06,23,Phoenix,ST0106,11,42,18.74,0.27,5.06,4882.64,0
2025-03-05,21,Boston,ST0268,50,10,19.23,0.19,3.65,4465.27,1
2022-08-15,15,Denver,ST0481,11,33,21.72,0.12,2.61,5045.02,0
2024-11-05,23,Seoul,ST0020,100,50,28.04,0.3,8.41,5690.42,0
2020-01-08,23,Seoul,ST0256,100,35,18.61,0.27,5.02,5388.56,0
2018-12-27,21,Tokyo,ST0424,22,82,27.9,0.25,6.97,4541.39,1
2021-11-25,23,Madrid,ST0003,100,38,21.02,0.2,4.2,4721.63,0
2020-08-23,14,Seattle,ST0061,100,34,15.25,0.17,2.59,5815.49,0
2019-01-27,21,Dublin,ST0186,100,63,31.45,0.35,11.01,4160.07,1
2023-09-10,11,Denver,ST0238,150,28,19.01,0.2,3.8,4572.56,0
2025-05-24,19,Seattle,ST0142,7,45,19.79,0.08,1.58,4462.71,1
2020-03-04,15,Houston,ST0408,11,40,17.15,0.19,3.26,4303.11,0
2025-09-07,17,Amsterdam,ST0255,11,23,16.52,0.13,2.15,4829.31,1
2019-10-17,13,Osaka,ST0473,7,63,27.59,0.22,6.07,4471.61,0
2018-08-10,19,Tokyo,ST0187,22,58,25.67,0.33,8.47,5212.51,1
2020-05-08,22,Madrid,ST0129,22,47,27.02,0.16,4.32,4818.87,0
2024-12-01,19,Sydney,ST0233,7,51,26.66,0.3,8.0,4274.15,1
2019-03-04,13,Singapore,ST0027,100,49,20.26,0.46,9.32,5098.89,0
2019-12-22,17,San Francisco,ST0403,7,34,19.68,0.22,4.33,4974.71,1
2023-06-10,15,Stockholm,ST0060,7,39,29.4,0.32,9.41,5043.62,0
2020-08-21,11,Singapore,ST0228,100,55,32.37,0.32,10.36,5216.7,0
2024-07-02,23,London,ST0215,11,46,26.66,0.17,4.53,5212.77,0
2025-08-04,23,London,ST0118,7,33,17.65,0.23,4.06,4917.28,0
2021-08-28,21,Denver,ST0051,11,35,30.79,0.13,4.0,5670.04,1
2022-08-17,14,Seattle,ST0193,11,10,20.39,0.2,4.08,4306.75,0
2018-10-29,9,Amsterdam,ST0300,50,44,28.16,0.26,7.32,4820.99,0
2018-08-11,20,Madrid,ST0075,11,44,16.13,0.12,1.94,4862.94,1
2024-11-01,17,Rome,ST0092,50,62,29.23,0.26,7.6,4816.76,1
2022-03-10,11,Phoenix,ST0235,150,53,26.99,0.08,2.16,4410.77,0
2020-03-06,14,Tokyo,ST0184,22,47,19.62,0.22,4.32,4753.23,0
2020-04-08,17,London,ST0066,7,30,18.41,0.14,2.58,5103.65,1
2025-10-06,20,Helsinki,ST0031,22,29,29.08,0.2,5.82,5781.43,1
2019-07-14,14,Houston,ST0437,50,10,21.21,0.24,5.09,4882.04,0
2023-02-22,14,Madrid,ST0088,22,44,20.72,0.2,4.14,5283.71,0
2020-06-19,18,Miami,ST0310,11,57,23.68,0.2,4.74,4377.98,1
2025-02-26,16,Dublin,ST0464,11,10,16.25,0.21,3.41,5166.83,0
2024-06-25,16,Oslo,ST0438,11,51,13.22,0.22,2.91,4033.13,0
2018-12-21,11,Madrid,ST0439,100,41,29.3,0.25,7.33,4846.32,0
2023-06-27,17,Seattle,ST0303,50,30,18.88,0.25,4.72,4222.84,1
2023-03-11,20,Boston,ST0008,150,37,26.57,0.29,7.7,4169.73,1
2022-10-20,15,Singapore,ST0447,11,27,12.18,0.15,1.83,6069.33,0
2020-10-12,21,London,ST0223,100,83,32.11,0.17,5.46,4857.54,1
2020-06-29,20,Helsinki,ST0485,11,53,21.47,0.11,2.36,6629.77,1
2024-06-07,17,Los Angeles,ST0214,7,38,23.13,0.2,4.63,4993.87,1
2018-06-14,23,Amsterdam,ST0376,100,42,17.23,0.21,3.62,4796.7,0
2018-05-18,23,Madrid,ST0272,50,68,26.7,0.13,3.47,4453.84,0
2023-05-18,18,Seoul,ST0421,7,51,22.25,0.19,4.23,4652.59,1
2023-01-28,17,Amsterdam,ST0124,7,10,13.69,0.18,2.46,5498.53,1
2024-04-06,13,Sydney,ST0007,150,48,24.89,0.31,7.72,5490.86,0
2022-07-24,17,Seattle,ST0068,22,35,18.88,0.2,3.78,4698.51,1
2021-04-26,20,Denver,ST0332,7,53,27.32,0.31,8.47,5940.71,1
2018-03-07,18,Amsterdam,ST0343,22,66,24.16,0.3,7.25,5487.4,1
2019-10-25,23,Seoul,ST0236,100,46,20.18,0.12,2.42,5020.69,0
2024-07-18,23,Los Angeles,ST0500,50,38,26.49,0.28,7.42,4924.1,0
2023-03-15,23,Sydney,ST0071,150,10,13.09,0.16,2.09,4602.49,0
2022-07-19,19,San Francisco,ST0405,22,50,25.97,0.26,6.75,4508.83,1
2025-01-11,11,Rome,ST0361,150,52,21.09,0.11,2.32,5290.03,0
2018-01-06,23,Tokyo,ST0037,50,76,28.06,0.26,7.29,5757.15,0
2025-09-30,14,London,ST0272,7,67,27.42,0.28,7.68,4982.71,0
2021-04-29,23,Madrid,ST0386,22,49,16.46,0.32,5.27,4552.08,0
2025-10-30,23,Dublin,ST0278,100,43,29.04,0.3,8.71,5291.23,0
2020-04-28,20,Osaka,ST0042,100,53,14.29,0.23,3.29,4399.13,1
2021-10-07,18,Singapore,ST0478,7,22,14.72,0.33,4.86,5453.58,1
2023-10-10,17,Osaka,ST0187,7,48,22.52,0.26,5.86,4592.05,1
2019-03-31,22,Berlin,ST0188,50,39,20.58,0.22,4.53,4726.75,0
2024-12-10,19,New York,ST0188,22,34,24.42,0.31,7.57,4618.03,1
2019-12-19,17,Tokyo,ST0287,150,54,22.3,0.25,5.58,5206.9,1
2018-10-02,23,Oslo,ST0364,11,32,17.13,0.2,3.43,4544.63,0
2019-07-21,20,London,ST0123,100,21,32.19,0.31,9.98,5035.03,1
2019-04-11,22,Tokyo,ST0245,150,12,32.06,0.18,5.77,5007.98,0
2024-07-04,8,Seoul,ST0108,150,54,18.95,0.23,4.36,4463.66,0
2020-07-12,12,London,ST0181,22,28,22.49,0.13,2.92,4455.55,0
2023-08-25,21,Osaka,ST0217,22,97,32.03,0.16,5.12,4864.55,1
2018-08-12,18,Chicago,ST0191,22,38,27.08,0.24,6.5,5422.23,1
2023-01-28,16,Amsterdam,ST0257,100,71,25.69,0.15,3.85,6011.41,0
2019-05-18,8,Amsterdam,ST0364,100,30,18.46,0.4,7.39,5637.29,0
2025-08-10,23,Oslo,ST0461,22,38,34.69,0.25,8.67,5587.4,0
2023-01-26,18,Dublin,ST0189,150,44,22.02,0.21,4.62,5252.33,1
2025-10-10,19,Chicago,ST0097,50,44,30.83,0.08,2.47,5258.25,1
2018-12-24,21,Chicago,ST0201,11,67,25.72,0.23,5.91,5515.84,1
2021-03-27,23,Chicago,ST0056,11,38,23.89,0.34,8.12,3993.57,0
2021-02-04,14,Houston,ST0357,11,74,32.34,0.26,8.41,4685.07,0
2023-07-26,13,Phoenix,ST0448,11,33,29.7,0.18,5.35,4929.51,0
2023-11-03,14,Tokyo,ST0012,22,61,22.63,0.21,4.75,4028.81,0
2022-09-03,9,Osaka,ST0278,11,45,16.77,0.37,6.21,3716.34,0
2023-04-26,13,Paris,ST0216,50,45,21.57,0.14,3.02,4367.33,0
2025-03-25,13,Los Angeles,ST0150,11,39,32.44,0.23,7.46,5481.21,0
2018-09-15,20,Los Angeles,ST0447,11,67,12.04,0.2,2.41,5601.73,1
2023-10-30,15,Tokyo,ST0172,50,80,35.02,0.19,6.65,4688.5,0
2024-06-28,12,London,ST0336,150,32,15.68,0.25,3.92,4074.68,0
2021-08-29,21,Amsterdam,ST0304,150,57,16.53,0.33,5.46,5242.94,1
2025-10-25,21,Stockholm,ST0432,100,29,24.59,0.3,7.38,4969.06,1
2022-12-29,23,Rome,ST0156,100,45,29.1,0.24,6.98,5369.18,0
2019-06-25,9,Miami,ST0088,22,52,20.57,0.16,3.29,5634.31,0
2020-07-17,16,Amsterdam,ST0191,22,24,19.08,0.13,2.48,5613.28,0
2018-07-13,14,Phoenix,ST0181,22,55,31.38,0.18,5.65,5171.53,0
2023-02-11,12,San Francisco,ST0317,11,93,33.84,0.21,7.11,4488.95,0
2025-12-25,17,Oslo,ST0147,11,38,32.32,0.13,4.2,5036.7,1
2019-12-20,17,Seoul,ST0355,150,42,22.5,0.21,4.72,5366.52,1
2019-09-21,21,San Francisco,ST0122,7,53,9.19,0.24,2.21,4128.94,1
2018-06-18,21,London,ST0295,11,74,22.25,0.2,4.45,4709.32,1
2022-12-11,23,Boston,ST0190,11,46,32.16,0.25,8.04,5209.87,0
2020-04-20,18,Oslo,ST0363,7,61,16.63,0.23,3.83,4891.5,1
2025-06-19,21,London,ST0177,11,41,17.73,0.22,3.9,4449.49,1
2022-03-08,8,Rome,ST0277,11,59,27.98,0.25,6.99,5423.37,0
2023-12-26,14,Miami,ST0063,7,16,19.57,0.2,3.91,4437.13,0
2022-07-16,17,Amsterdam,ST0394,11,32,12.66,0.19,2.41,4322.45,1
2023-02-20,19,London,ST0080,7,31,27.28,0.33,9.0,5328.8,1
2024-02-16,10,Stockholm,ST0170,150,75,34.88,0.22,7.67,5500.98,0
2025-11-29,15,Miami,ST0243,22,10,15.4,0.34,5.24,4116.05,0
2024-06-07,17,Osaka,ST0076,100,45,20.84,0.19,3.96,4959.47,1
2022-12-16,15,London,ST0353,7,16,21.0,0.3,6.3,5318.77,0
2023-05-16,13,New York,ST0072,150,19,18.86,0.33,6.22,5158.24,0
2024-03-06,21,Houston,ST0158,7,62,27.54,0.23,6.34,5361.33,1
2022-07-04,15,Dublin,ST0431,11,16,23.53,0.31,7.3,4335.02,0
2023-01-01,22,Paris,ST0048,22,78,27.35,0.16,4.38,5110.9,0
2018-08-14,15,Dublin,ST0329,11,32,24.01,0.11,2.64,4174.06,0
2024-07-17,18,Stockholm,ST0114,22,44,25.0,0.35,8.75,5012.25,1
2020-03-12,20,Los Angeles,ST0043,100,25,24.84,0.18,4.47,5035.07,1
2022-12-30,17,Osaka,ST0344,7,65,19.25,0.08,1.54,4810.28,1
2023-09-28,20,Berlin,ST0100,50,48,29.92,0.25,7.48,4737.76,1
2021-07-25,6,Dublin,ST0310,100,40,27.94,0.19,5.31,4745.92,0
2018-08-18,20,Osaka,ST0185,50,24,24.0,0.33,7.92,4909.58,1
2019-08-29,12,Seoul,ST0438,50,43,12.04,0.24,2.89,5014.29,0
2022-02-23,23,Berlin,ST0191,7,41,24.96,0.16,3.99,4881.64,0
2021-03-11,10,Paris,ST0180,22,41,21.39,0.24,5.13,4473.78,0
2022-12-31,18,Oslo,ST0045,11,38,20.9,0.23,4.81,4963.87,1
2022-12-25,21,Singapore,ST0213,50,42,21.29,0.21,4.47,4647.83,1
2021-03-28,16,San Francisco,ST0413,150,85,23.64,0.2,4.73,4720.8,0
2022-10-03,16,Singapore,ST0459,50,38,23.96,0.1,2.4,5434.41,0
2019-07-26,21,Helsinki,ST0307,7,20,9.05,0.15,1.36,4834.89,1
2019-08-12,23,Seattle,ST0156,50,55,15.56,0.17,2.65,4995.64,0
2023-11-22,19,London,ST0034,100,18,19.49,0.17,3.31,4406.06,1
2022-03-20,19,Chicago,ST0004,50,60,29.41,0.26,7.65,4748.94,1
2025-03-01,21,Boston,ST0213,11,51,24.79,0.18,4.46,4770.72,1
2024-03-26,18,Rome,ST0364,100,93,30.67,0.18,5.52,4566.47,1
2019-07-15,15,Seattle,ST0096,50,88,26.56,0.28,7.44,4718.29,0
2021-03-31,19,Oslo,ST0252,7,60,22.34,0.18,4.02,5798.8,1
2021-05-21,22,Helsinki,ST0156,50,60,29.14,0.25,7.28,6065.43,0
2024-04-09,18,Singapore,ST0238,11,56,17.47,0.16,2.79,4329.45,1
2018-04-20,23,Los Angeles,ST0079,22,10,17.19,0.08,1.38,4613.11,0
2021-05-14,15,Tokyo,ST0428,150,72,28.62,0.16,4.58,5447.47,0
2023-04-20,18,Houston,ST0335,150,45,17.39,0.15,2.61,4517.0,1
2021-03-24,18,Madrid,ST0092,50,46,31.24,0.25,7.81,3631.18,1
2025-09-18,19,Tokyo,ST0126,7,15,14.97,0.16,2.4,4608.21,1
2019-05-04,11,Sydney,ST0142,50,49,16.83,0.24,4.04,5905.79,0
2018-10-01,11,Dublin,ST0382,22,39,10.06,0.2,2.01,5081.61,0
2024-07-08,21,Amsterdam,ST0290,50,46,27.97,0.4,11.19,5888.02,1
2020-11-22,15,Tokyo,ST0352,50,15,17.77,0.15,2.67,5096.75,0
2025-10-14,12,Houston,ST0192,100,43,27.35,0.21,5.74,4376.24,0
2024-06-14,23,Los Angeles,ST0433,22,10,17.56,0.22,3.86,5038.2,0
2019-10-30,18,Helsinki,ST0030,11,57,24.66,0.19,4.69,4754.86,1
2021-08-02,14,Rome,ST0450,150,60,21.97,0.28,6.15,4877.37,0
2019-07-09,15,Paris,ST0084,7,57,21.2,0.26,5.51,4991.17,0
2021-01-21,15,Paris,ST0215,150,55,27.33,0.3,8.2,5392.41,0
2021-12-29,20,New York,ST0149,22,22,32.88,0.12,3.95,5506.16,1
2023-12-10,20,Tokyo,ST0480,7,21,19.9,0.21,4.18,5632.39,1
2023-10-06,14,Seattle,ST0393,150,39,11.0,0.34,3.74,4288.76,0
2020-01-21,19,Sydney,ST0049,100,42,22.55,0.28,6.31,5805.83,1
2019-11-16,19,Oslo,ST0166,22,58,26.6,0.29,7.72,4754.96,1
2025-09-06,23,Miami,ST0139,150,67,31.45,0.17,5.35,5001.64,0
2025-10-29,19,Seoul,ST0186,7,17,28.01,0.22,6.16,5134.02,1
2023-12-29,15,Helsinki,ST0181,11,18,17.14,0.24,4.11,5205.27,0
2018-02-22,18,Phoenix,ST0266,22,51,22.43,0.25,5.61,5691.16,1
2022-03-08,21,Sydney,ST0249,50,61,26.79,0.11,2.95,4504.83,1
2021-10-25,20,San Francisco,ST0053,11,44,25.48,0.34,8.66,5364.93,1
2019-09-26,23,Stockholm,ST0114,11,46,19.48,0.22,4.29,4635.56,0
2024-04-07,23,Dublin,ST0354,100,60,27.8,0.31,8.62,4061.18,0
2023-12-20,20,Seoul,ST0283,150,18,20.12,0.2,4.02,5311.36,1
2019-04-12,19,Madrid,ST0236,7,71,23.51,0.27,6.35,5055.15,1
2019-04-23,9,Phoenix,ST0473,7,26,20.37,0.3,6.11,4993.34,0
2023-05-19,12,Paris,ST0160,150,42,33.13,0.23,7.62,4708.85,0
2022-01-25,20,Phoenix,ST0419,50,60,22.92,0.26,5.96,4827.23,1
2024-09-13,21,Stockholm,ST0391,22,48,26.17,0.17,4.45,4614.04,1
2019-12-07,22,Seoul,ST0156,7,43,24.59,0.2,4.92,5487.7,0
2019-05-01,14,Denver,ST0066,150,42,26.97,0.3,8.09,4626.0,0
2019-08-07,23,Seoul,ST0117,22,51,18.91,0.25,4.73,4844.12,0
2019-05-29,20,Seattle,ST0067,7,44,23.65,0.16,3.78,5489.64,1
2022-10-07,12,Seoul,ST0391,7,22,22.48,0.33,7.42,4653.61,0
2018-11-15,21,Los Angeles,ST0397,50,66,29.99,0.2,6.0,4494.45,1
2022-11-02,6,New York,ST0101,7,39,28.57,0.14,4.0,5084.39,0
2018-05-15,13,Osaka,ST0263,100,47,27.18,0.17,4.62,4953.96,0
2018-08-31,15,Amsterdam,ST0061,22,59,26.26,0.22,5.78,5684.2,0
2018-06-27,21,Chicago,ST0155,150,31,21.29,0.21,4.47,5045.32,1
2018-02-12,23,Sydney,ST0050,7,52,14.06,0.18,2.53,4050.06,0
2024-09-30,16,Seattle,ST0301,11,10,14.84,0.11,1.63,5071.45,0
2020-01-27,18,Osaka,ST0180,7,51,23.6,0.12,2.83,5211.15,1
2019-01-07,23,Phoenix,ST0434,150,53,22.23,0.12,2.67,4594.89,0
2021-02-10,20,Helsinki,ST0179,22,66,27.22,0.28,7.62,5362.74,1
2019-10-20,20,Stockholm,ST0400,150,31,22.59,0.16,3.61,4999.07,1
2024-11-15,19,Denver,ST0259,100,78,20.81,0.25,5.2,5703.86,1
2018-10-07,21,Houston,ST0420,100,61,28.26,0.31,8.76,4489.29,1
2018-02-27,11,Stockholm,ST0112,150,44,12.47,0.31,3.87,5380.25,0
2020-02-24,15,Miami,ST0088,100,37,22.08,0.22,4.86,4951.9,0
2018-01-18,20,Singapore,ST0051,11,41,27.64,0.25,6.91,4707.06,1
2023-08-28,23,Seoul,ST0244,22,17,19.58,0.29,5.68,4676.78,0
2025-10-30,19,Helsinki,ST0095,50,55,20.3,0.21,4.26,4882.94,1
2025-07-21,15,Houston,ST0093,22,91,25.1,0.29,7.28,4704.02,0
2022-04-04,12,Madrid,ST0110,100,47,26.89,0.28,7.53,5628.67,0
2020-07-21,23,Madrid,ST0058,22,50,20.68,0.25,5.17,4909.63,0
2019-05-22,22,Rome,ST0057,100,19,32.12,0.28,8.99,4226.48,0
2019-07-11,14,Amsterdam,ST0391,22,61,31.2,0.13,4.06,5261.32,0
2025-11-26,8,Miami,ST0286,150,43,28.72,0.18,5.17,4021.42,0
2018-06-16,18,Chicago,ST0168,50,32,24.99,0.16,4.0,4573.63,1
2019-04-19,7,Berlin,ST0146,50,48,22.96,0.14,3.21,4828.72,0
2024-09-25,23,Singapore,ST0160,150,40,24.14,0.24,5.79,4454.4,0
2022-12-24,23,Denver,ST0284,50,35,25.48,0.27,6.88,4992.12,0
2021-04-05,21,Madrid,ST0097,7,49,16.79,0.2,3.36,4680.89,1
2023-05-03,15,Osaka,ST0189,11,18,25.79,0.33,8.51,5392.17,0
2018-02-22,23,Osaka,ST0252,150,38,19.38,0.17,3.29,5359.55,0
2019-03-07,19,Berlin,ST0225,100,43,29.64,0.25,7.41,4579.21,1
2025-05-21,14,Osaka,ST0044,7,58,30.17,0.26,7.84,5849.12,0
2019-08-11,23,Berlin,ST0206,150,53,20.17,0.13,2.62,4846.98,0
2024-08-15,21,Houston,ST0380,11,81,29.81,0.3,8.94,4916.58,1
2018-09-23,21,Paris,ST0500,11,61,15.42,0.19,2.93,5456.54,1
2021-10-19,19,Seattle,ST0305,50,21,8.37,0.19,1.59,4877.68,1
2019-05-18,13,Denver,ST0430,50,47,26.17,0.27,7.07,3686.73,0
2023-08-07,11,Boston,ST0392,150,38,25.42,0.25,6.36,5057.62,0
2024-07-11,16,Helsinki,ST0140,150,38,18.92,0.27,5.11,4435.43,0
2022-06-28,22,Paris,ST0244,150,49,23.65,0.17,4.02,4356.85,0
2024-10-06,14,Berlin,ST0249,100,38,10.71,0.21,2.25,5285.04,0
2021-02-16,20,Phoenix,ST0394,50,35,22.43,0.18,4.04,5064.12,1
2019-03-19,23,Houston,ST0129,50,64,28.28,0.19,5.37,5448.11,0
2023-07-30,9,Denver,ST0322,11,39,25.6,0.27,6.91,5117.34,0
2018-05-02,19,Houston,ST0378,7,41,25.61,0.15,3.84,4560.1,1
2018-10-07,18,Amsterdam,ST0348,7,48,14.63,0.25,3.66,5304.89,1
2020-01-04,17,Berlin,ST0310,150,92,25.63,0.19,4.87,4744.97,1
2021-09-01,17,Phoenix,ST0156,100,38,15.53,0.18,2.79,4853.29,1
2024-12-27,23,Houston,ST0390,7,89,35.36,0.17,6.01,4753.52,0
2025-05-31,17,Sydney,ST0267,50,80,26.77,0.13,3.48,4696.5,1
2023-03-24,21,Seattle,ST0151,150,58,23.96,0.27,6.47,3879.25,1
2023-08-02,18,Amsterdam,ST0259,22,62,21.28,0.16,3.4,4011.88,1
2024-01-31,23,London,ST0415,100,30,22.81,0.26,5.93,5807.25,0
2024-02-17,17,Los Angeles,ST0488,7,34,22.95,0.31,7.11,4846.7,1
2022-10-29,13,Houston,ST0197,50,14,13.57,0.28,3.8,4653.98,0
2021-07-12,14,Berlin,ST0227,50,30,22.03,0.2,4.41,4731.53,0
2018-05-28,23,New York,ST0091,100,75,18.95,0.24,4.55,4647.37,0
2025-05-24,16,Sydney,ST0156,150,51,23.06,0.24,5.53,5248.71,0
2019-11-04,19,Amsterdam,ST0221,11,32,18.69,0.12,2.24,4527.82,1
2021-07-03,23,Seoul,ST0200,50,29,15.51,0.24,3.72,4966.87,0
2019-03-25,17,Helsinki,ST0346,50,73,29.51,0.18,5.31,4745.78,1
2025-05-27,15,Oslo,ST0351,100,62,23.9,0.09,2.15,4871.44,0
2024-06-01,10,Amsterdam,ST0244,100,88,23.73,0.21,4.98,4924.03,0
2019-10-03,16,Stockholm,ST0029,50,39,24.79,0.33,8.18,5302.91,0
2020-12-14,23,Amsterdam,ST0303,50,24,22.47,0.23,5.17,5225.41,0
2024-12-01,23,Osaka,ST0181,22,40,20.77,0.26,5.4,4153.99,0
2021-08-05,16,New York,ST0015,100,42,18.44,0.29,5.35,4362.63,0
2018-07-04,17,Phoenix,ST0429,22,50,30.77,0.22,6.77,5431.15,1
2021-11-29,21,Singapore,ST0299,7,47,18.19,0.12,2.18,5046.02,1
2025-01-04,15,London,ST0195,7,63,29.29,0.21,6.15,4338.3,0
2022-10-20,20,Paris,ST0183,50,24,17.09,0.15,2.56,4899.1,1
2021-12-09,23,New York,ST0339,11,44,21.06,0.11,2.32,5320.32,0
2020-10-11,14,Denver,ST0332,22,47,21.87,0.28,6.12,4788.86,0
2024-08-24,17,Chicago,ST0467,150,54,35.01,0.28,9.8,4935.76,1
2018-09-26,18,Miami,ST0059,22,34,17.33,0.18,3.12,4543.25,1
2019-11-27,21,Los Angeles,ST0276,22,23,27.43,0.27,7.41,5039.96,1
2018-06-03,18,Rome,ST0337,50,33,23.31,0.3,6.99,4601.66,1
2024-05-15,10,Stockholm,ST0462,50,59,26.7,0.14,3.74,4440.11,0
2020-12-28,13,Los Angeles,ST0357,50,30,19.98,0.2,4.0,4514.53,0
2024-08-05,14,Los Angeles,ST0163,50,40,23.64,0.2,4.73,5453.89,0
2024-05-25,20,Berlin,ST0166,100,13,22.18,0.26,5.77,4771.35,1
2019-02-05,10,Amsterdam,ST0052,150,45,23.36,0.14,3.27,4067.84,0
2025-07-28,17,Seattle,ST0173,50,40,20.71,0.21,4.35,4371.47,1
2023-08-22,15,Sydney,ST0342,22,55,22.85,0.1,2.29,4655.05,0
2019-11-14,12,Dublin,ST0154,22,50,25.59,0.1,2.56,5221.88,0
2022-11-21,12,Seattle,ST0255,150,76,26.88,0.13,3.49,4276.51,0
2018-11-05,19,Oslo,ST0110,22,37,21.96,0.33,7.25,4618.2,1
2020-12-22,18,New York,ST0153,100,73,28.11,0.11,3.09,5225.14,1
2022-07-05,12,Denver,ST0320,150,73,22.65,0.43,9.74,5564.27,0
2019-01-12,14,Seoul,ST0433,100,45,27.17,0.27,7.34,5109.84,0
2019-01-24,23,Helsinki,ST0173,22,42,21.21,0.2,4.24,5474.01,0
2018-10-03,19,Helsinki,ST0411,100,50,27.98,0.08,2.24,5146.94,1
2023-05-01,19,Madrid,ST0108,22,78,19.72,0.33,6.51,4996.57,1
2018-11-11,20,Tokyo,ST0422,22,78,30.16,0.25,7.54,5141.8,1
2023-08-30,15,Miami,ST0222,150,44,19.7,0.22,4.33,3710.84,0
2024-01-21,20,London,ST0103,50,42,21.36,0.24,5.13,4268.65,1
2022-07-06,23,Boston,ST0320,100,42,22.31,0.15,3.35,5061.22,0
2023-01-31,23,Osaka,ST0391,100,65,30.07,0.26,7.82,4901.02,0
2020-01-10,10,Los Angeles,ST0322,150,40,21.62,0.29,6.27,4941.18,0
2023-10-16,23,San Francisco,ST0296,50,68,23.88,0.09,2.15,5748.3,0
2020-05-22,23,Osaka,ST0493,150,17,27.59,0.25,6.9,5150.69,0
2023-03-30,23,Boston,ST0480,150,71,29.78,0.25,7.44,5387.3,0
2023-12-23,15,Dublin,ST0437,50,43,18.65,0.2,3.73,4691.28,0
2024-05-07,14,Singapore,ST0321,7,47,22.02,0.26,5.73,4056.92,0
2023-11-10,17,Seattle,ST0187,50,47,22.09,0.21,4.64,4135.72,1
2019-08-29,19,Denver,ST0078,150,57,27.31,0.29,7.92,5090.0,1
2025-09-08,20,Sydney,ST0154,50,48,27.2,0.11,2.99,4562.0,1
2022-08-08,23,London,ST0441,7,10,18.5,0.3,5.55,4987.37,0
2025-02-09,15,Seattle,ST0434,50,47,21.87,0.22,4.81,4545.81,0
2020-12-29,23,Miami,ST0331,11,73,26.09,0.12,3.13,4802.45,0
2020-11-16,17,Osaka,ST0308,11,55,19.56,0.17,3.33,5173.58,1
2022-07-21,22,Denver,ST0059,11,32,15.17,0.45,6.83,5392.35,0
2020-02-26,16,Los Angeles,ST0126,22,62,24.82,0.28,6.95,4998.97,0
2023-03-17,18,Amsterdam,ST0287,50,42,15.8,0.36,5.69,4452.45,1
2022-09-25,11,Tokyo,ST0464,7,40,17.99,0.22,3.96,5135.85,0
2020-04-07,22,San Francisco,ST0140,11,61,23.79,0.22,5.23,5239.11,0
2018-04-30,9,Boston,ST0405,22,56,17.43,0.36,6.28,4547.48,0
2025-05-21,17,Oslo,ST0091,150,29,18.33,0.38,6.97,5383.51,1
2018-06-22,10,Singapore,ST0249,7,75,32.97,0.2,6.59,4985.21,0
2018-08-15,17,Chicago,ST0161,100,84,24.1,0.23,5.54,4722.32,1
2021-05-05,10,Chicago,ST0462,50,88,22.65,0.24,5.44,3920.26,0
2022-01-28,16,Osaka,ST0337,7,53,20.24,0.26,5.26,4766.42,0
2022-06-14,23,Singapore,ST0432,11,72,23.71,0.23,5.45,5146.55,0
2020-08-24,21,Houston,ST0293,150,45,24.35,0.2,4.87,5075.02,1
2023-08-12,23,Houston,ST0268,150,57,28.35,0.27,7.65,4996.48,0
2024-07-05,19,Sydney,ST0477,100,23,27.1,0.08,2.17,4944.84,1
2020-10-28,23,Amsterdam,ST0453,7,17,22.04,0.17,3.75,4863.75,0
2020-09-02,22,Dublin,ST0063,22,48,13.59,0.15,2.04,5482.02,0
2021-09-10,20,Helsinki,ST0378,50,79,35.89,0.2,7.18,6295.19,1
2020-08-24,18,Madrid,ST0112,11,25,17.83,0.08,1.43,5734.84,1
2019-03-14,23,San Francisco,ST0110,22,24,19.74,0.23,4.54,4558.79,0
2022-12-06,9,Madrid,ST0131,100,40,21.19,0.19,4.03,4876.14,0
2018-08-18,23,Amsterdam,ST0274,22,38,23.41,0.27,6.32,5330.72,0
2025-11-05,14,Houston,ST0163,100,46,26.26,0.14,3.68,5516.8,0
2022-10-02,23,Amsterdam,ST0350,11,30,22.57,0.26,5.87,4777.47,0
2021-02-11,20,Phoenix,ST0186,50,48,16.42,0.25,4.11,4415.61,1
2022-02-15,22,Miami,ST0011,150,31,20.91,0.32,6.69,5271.85,0
2024-10-17,12,New York,ST0431,150,24,17.88,0.25,4.47,4990.68,0
2025-06-05,13,New York,ST0354,150,21,21.93,0.21,4.6,5926.32,0
2020-09-08,18,Boston,ST0283,50,81,21.87,0.11,2.41,4387.43,1
2021-06-20,23,Tokyo,ST0491,150,80,23.69,0.19,4.5,4470.27,0
2022-01-26,8,Osaka,ST0063,100,59,26.2,0.22,5.76,4064.75,0
2020-08-26,23,Rome,ST0199,7,34,24.75,0.12,2.97,4963.73,0
2022-05-29,19,Boston,ST0155,7,51,24.89,0.25,6.22,4414.31,1
2020-08-22,18,Miami,ST0108,11,47,24.8,0.23,5.7,4322.59,1
2022-12-03,11,Tokyo,ST0163,150,10,23.29,0.28,6.52,5234.93,0
2022-07-23,19,New York,ST0141,7,10,14.07,0.23,3.24,5004.02,1
2023-07-07,16,Amsterdam,ST0378,50,52,24.3,0.23,5.59,4597.66,0
2021-09-24,22,Seoul,ST0217,7,36,15.67,0.17,2.66,4828.43,0
2019-10-19,22,Seoul,ST0134,100,44,22.35,0.13,2.91,5422.14,0
2018-09-29,14,Paris,ST0216,100,42,30.44,0.26,7.91,4087.64,0
2024-02-22,9,Singapore,ST0168,50,43,17.1,0.27,4.62,4769.52,0
2025-10-18,18,Los Angeles,ST0391,7,30,30.31,0.42,12.73,4841.94,1
2025-03-12,19,Tokyo,ST0095,150,46,22.22,0.16,3.56,4426.4,1
2022-12-22,12,Tokyo,ST0070,7,53,21.76,0.08,1.74,5049.48,0
2022-06-30,17,Seattle,ST0322,22,71,28.39,0.12,3.41,3838.7,1
2021-07-09,14,Helsinki,ST0043,7,32,26.56,0.22,5.84,5453.07,0
2019-10-09,11,Denver,ST0265,150,64,29.28,0.08,2.34,5498.45,0
2025-04-13,18,Sydney,ST0067,100,52,19.92,0.31,6.17,4346.74,1
2025-09-09,22,Madrid,ST0406,22,61,20.45,0.36,7.36,5137.56,0
2023-01-24,21,Amsterdam,ST0448,150,14,30.27,0.13,3.93,5553.52,1
2019-07-01,13,Boston,ST0089,150,32,25.78,0.29,7.48,4227.49,0
2024-08-26,23,London,ST0410,22,65,21.11,0.33,6.97,4316.01,0
2020-03-24,14,Chicago,ST0213,22,54,20.21,0.24,4.85,4981.39,0
2020-01-16,17,Berlin,ST0449,50,61,24.18,0.24,5.8,5509.95,1
2024-05-25,21,Denver,ST0011,7,60,19.45,0.26,5.06,4558.57,1
2024-04-06,11,Tokyo,ST0314,150,43,18.64,0.28,5.22,5201.82,0
2020-07-25,8,Chicago,ST0499,50,28,14.06,0.19,2.67,4943.83,0
2020-03-23,16,Boston,ST0360,11,33,28.46,0.08,2.28,5552.28,0
2018-07-23,15,Berlin,ST0317,50,43,20.52,0.33,6.77,4266.6,0
2024-09-25,18,Boston,ST0077,7,55,16.54,0.16,2.65,4852.09,1
2022-02-16,13,San Francisco,ST0485,100,28,19.61,0.27,5.29,4667.08,0
2019-04-26,23,Los Angeles,ST0368,100,25,14.74,0.35,5.16,4689.98,0
2022-11-18,11,Sydney,ST0472,50,10,24.58,0.2,4.92,4691.45,0
2025-07-22,17,Amsterdam,ST0061,11,65,24.9,0.38,9.46,5006.49,1
2020-04-12,23,Seattle,ST0485,22,61,25.14,0.18,4.52,5226.53,0
2021-03-25,20,Singapore,ST0254,50,33,22.79,0.31,7.07,6026.14,1
2019-06-18,22,Madrid,ST0439,11,82,24.69,0.27,6.67,5708.03,0
2024-09-23,13,Seattle,ST0422,22,35,30.89,0.15,4.63,4212.99,0
2025-08-05,23,Seattle,ST0215,11,68,28.32,0.22,6.23,4854.02,0
2022-08-01,19,Phoenix,ST0015,22,76,28.31,0.37,10.48,4544.28,1
2020-12-08,17,Denver,ST0317,50,37,17.01,0.21,3.57,5116.72,1
2020-10-14,20,Paris,ST0299,150,88,30.88,0.3,9.26,5056.58,1
2025-04-05,23,Rome,ST0044,7,92,31.7,0.15,4.75,4812.38,0
2023-04-05,19,Phoenix,ST0447,22,54,27.97,0.25,6.99,4995.38,1
2025-10-09,14,Berlin,ST0352,11,53,33.63,0.29,9.75,5181.89,0
2025-12-31,23,Berlin,ST0363,50,37,19.9,0.17,3.38,4976.95,0
2024-09-12,15,Boston,ST0038,7,69,23.9,0.16,3.82,5866.9,0
2024-03-31,15,New York,ST0027,22,48,26.02,0.14,3.64,5521.81,0
2020-08-19,21,Amsterdam,ST0466,22,76,23.72,0.23,5.46,5034.57,1
2024-10-19,19,Osaka,ST0496,100,15,20.35,0.12,2.44,5140.58,1
2025-12-16,7,Singapore,ST0415,7,10,23.29,0.18,4.19,4239.24,0
2018-01-22,23,Boston,ST0259,100,51,28.48,0.21,5.98,6413.74,0
2022-04-10,14,Miami,ST0203,150,79,27.17,0.1,2.72,5130.12,0
2022-02-28,19,Phoenix,ST0496,100,23,16.15,0.22,3.55,5119.47,1
2018-06-18,5,Helsinki,ST0092,22,66,23.45,0.13,3.05,5164.32,0
2019-11-27,17,Stockholm,ST0253,22,69,28.47,0.22,6.26,4877.51,1
2023-04-02,20,Phoenix,ST0046,22,36,18.06,0.26,4.69,4899.98,1
2025-12-19,18,Stockholm,ST0222,11,66,25.35,0.22,5.58,4661.58,1
2020-12-02,20,Houston,ST0161,7,51,28.62,0.18,5.15,4785.59,1
2019-06-08,21,Amsterdam,ST0447,22,50,19.47,0.31,6.04,4148.65,1
2022-01-16,21,Madrid,ST0145,22,19,29.71,0.11,3.27,5614.96,1
2024-11-15,17,Sydney,ST0475,22,37,23.37,0.26,6.08,4481.27,1
2023-10-19,13,London,ST0224,11,57,16.3,0.18,2.93,6345.56,0
2021-07-16,13,Singapore,ST0252,11,67,23.11,0.26,6.01,5179.62,0
2024-03-26,23,Osaka,ST0326,50,40,32.74,0.18,5.89,5208.09,0
2018-08-06,19,Seattle,ST0077,7,22,19.21,0.23,4.42,4740.78,1
2020-07-30,23,San Francisco,ST0019,50,28,27.26,0.28,7.63,5062.1,0
2020-12-01,13,San Francisco,ST0362,50,29,18.89,0.09,1.7,4333.83,0
2022-11-23,10,Houston,ST0459,50,71,29.61,0.28,8.29,5112.87,0
2018-06-17,18,Rome,ST0183,150,74,23.83,0.23,5.48,5328.83,1
2024-04-16,11,Amsterdam,ST0235,50,106,30.86,0.23,7.1,5471.89,0
2019-04-06,22,Singapore,ST0444,11,45,24.05,0.11,2.65,4757.97,0
2019-05-22,20,Paris,ST0048,11,53,30.47,0.21,6.4,4328.22,1
2021-03-09,23,San Francisco,ST0428,11,73,31.25,0.21,6.56,5607.2,0
2023-09-15,23,Boston,ST0289,150,47,17.08,0.18,3.07,5341.06,0
2024-07-26,9,Seattle,ST0299,7,48,25.66,0.33,8.47,5437.74,0
2023-11-25,22,Sydney,ST0293,11,10,23.81,0.27,6.43,5163.19,0
2022-09-02,9,Chicago,ST0127,50,29,15.65,0.08,1.25,4741.13,0
2025-08-04,14,Houston,ST0455,22,97,28.8,0.31,8.93,4110.64,0
2018-04-17,15,Miami,ST0349,150,46,18.98,0.19,3.61,4766.94,0
2019-05-15,16,Berlin,ST0192,100,82,29.73,0.25,7.43,5208.75,0
2019-03-11,21,London,ST0079,7,43,21.56,0.23,4.96,5584.63,1
2018-11-29,23,Rome,ST0426,150,40,26.64,0.21,5.59,5083.49,0
2025-05-25,15,Amsterdam,ST0233,150,41,29.63,0.23,6.81,4986.15,0
2021-01-08,10,Dublin,ST0337,7,38,21.35,0.16,3.42,4796.25,0
2021-09-11,15,New York,ST0336,100,46,24.13,0.15,3.62,4697.16,0
2023-01-30,18,London,ST0486,150,68,27.44,0.17,4.67,5169.28,1
2024-05-20,23,Phoenix,ST0109,7,63,28.3,0.27,7.64,5793.17,0
2025-03-21,23,Miami,ST0166,7,56,30.06,0.14,4.21,4329.12,0
2018-10-17,18,Oslo,ST0488,100,46,20.8,0.28,5.82,4011.77,1
2022-04-12,15,Chicago,ST0205,22,35,14.02,0.32,4.49,4176.47,0
2019-12-31,15,Denver,ST0495,50,63,28.79,0.14,4.03,5256.41,0
2019-01-01,19,Los Angeles,ST0437,11,91,30.94,0.21,6.5,4575.51,1
2019-10-30,14,Berlin,ST0400,50,28,28.22,0.22,6.21,5175.49,0
2021-03-13,23,Tokyo,ST0386,150,10,25.59,0.22,5.63,5279.9,0
2019-09-24,13,Houston,ST0153,50,29,23.92,0.39,9.33,5357.35,0
2022-11-06,23,Singapore,ST0413,22,41,19.92,0.17,3.39,4795.54,0
2025-09-06,7,Dublin,ST0068,22,30,18.8,0.21,3.95,4781.07,0
2025-06-18,19,Houston,ST0427,22,44,20.37,0.08,1.63,4673.84,1
2023-10-01,13,Seattle,ST0251,50,54,29.03,0.29,8.42,5254.58,0
2022-05-09,17,Amsterdam,ST0138,100,34,18.34,0.11,2.02,5409.3,1
2024-09-24,17,Madrid,ST0047,50,20,16.27,0.16,2.6,4926.58,1
2022-02-17,23,Dublin,ST0096,50,38,11.3,0.21,2.37,4927.09,0
2025-01-27,16,Madrid,ST0048,7,32,22.93,0.22,5.04,4899.29,0
2023-10-04,20,London,ST0499,50,36,19.89,0.32,6.36,5259.23,1
2025-08-02,22,Denver,ST0332,150,69,28.91,0.28,8.09,4265.97,0
2019-09-28,19,Amsterdam,ST0270,150,41,31.31,0.28,8.77,4690.01,1
2025-04-05,19,Stockholm,ST0043,22,48,26.03,0.15,3.9,5164.13,1
2023-04-02,16,Madrid,ST0041,50,50,20.38,0.18,3.67,5488.43,0
2021-05-15,12,Phoenix,ST0066,150,25,20.74,0.17,3.53,4380.45,0
2021-05-15,18,Denver,ST0268,50,14,14.64,0.36,5.27,5148.3,1
2021-04-25,14,Helsinki,ST0025,100,53,27.2,0.29,7.89,4825.21,0
2018-11-10,22,New York,ST0263,7,10,13.92,0.23,3.2,5160.49,0
2023-09-23,13,Madrid,ST0212,7,50,20.88,0.2,4.18,5355.91,0
2023-03-19,22,Osaka,ST0369,100,25,15.71,0.19,2.99,4989.48,0
2020-11-03,14,Paris,ST0131,100,65,27.54,0.25,6.88,4256.88,0
2018-12-01,23,Sydney,ST0258,7,10,23.37,0.29,6.78,4837.28,0
2019-04-12,23,Singapore,ST0339,50,43,23.47,0.24,5.63,6647.18,0
2020-01-06,23,San Francisco,ST0432,50,59,20.52,0.23,4.72,4635.5,0
2018-07-05,22,Chicago,ST0214,150,47,18.02,0.23,4.14,4587.36,0
2021-05-04,18,London,ST0301,150,27,21.38,0.27,5.77,4918.98,1
2023-02-07,16,Sydney,ST0344,50,49,27.37,0.14,3.83,5059.79,0
2024-12-30,23,Boston,ST0175,11,56,25.01,0.26,6.5,5286.28,0
2020-05-14,21,San Francisco,ST0041,150,10,11.43,0.29,3.32,4213.09,1
2024-10-10,20,Boston,ST0447,150,37,17.46,0.24,4.19,5070.35,1
2019-03-12,23,Madrid,ST0274,7,32,29.04,0.24,6.97,4745.65,0
2018-01-24,21,Berlin,ST0060,7,56,24.9,0.24,5.98,4721.1,1
2019-12-05,13,Tokyo,ST0245,50,60,24.08,0.21,5.06,4996.23,0
2025-10-04,19,Berlin,ST0445,150,16,26.35,0.23,6.06,4884.08,1
2024-10-01,20,Singapore,ST0250,22,49,27.72,0.26,7.21,5369.78,1
2024-12-08,23,Dublin,ST0185,150,62,24.64,0.14,3.45,5892.45,0
2025-07-22,16,Seoul,ST0346,50,35,13.52,0.24,3.24,4948.51,0
2021-05-24,10,Chicago,ST0065,11,54,21.99,0.41,9.02,4503.28,0
2018-02-26,15,Seattle,ST0058,7,27,27.63,0.19,5.25,4548.06,0
2025-10-21,21,Seattle,ST0440,7,17,23.17,0.34,7.88,5295.97,1
2020-05-07,21,Amsterdam,ST0333,11,62,33.99,0.3,10.2,5275.79,1
2025-04-15,22,Denver,ST0224,150,27,25.12,0.15,3.77,4856.97,0
2024-01-16,2,Seattle,ST0045,22,53,21.14,0.3,6.34,4819.66,0
2023-03-14,23,Phoenix,ST0243,50,23,25.95,0.37,9.6,5445.89,0
2018-03-31,21,Houston,ST0086,11,48,21.14,0.27,5.71,4251.51,1
2025-11-17,15,Rome,ST0494,50,10,15.68,0.26,4.08,5115.42,0
2023-04-16,18,Los Angeles,ST0441,50,48,14.33,0.19,2.72,4576.65,1
2024-07-25,14,Denver,ST0104,22,56,20.42,0.18,3.68,3818.14,0
2024-05-21,16,Berlin,ST0027,22,23,21.16,0.15,3.17,4956.9,0
2018-02-02,17,Houston,ST0323,150,78,29.85,0.09,2.69,4326.94,1
2022-11-04,18,Madrid,ST0435,50,26,6.28,0.31,1.95,5245.22,1
2024-06-28,20,Dublin,ST0375,100,32,23.98,0.17,4.08,5098.34,1
2021-04-06,13,New York,ST0250,50,75,19.15,0.31,5.94,4856.05,0
2023-06-15,15,Stockholm,ST0303,150,48,27.43,0.32,8.78,5066.28,0
2024-11-09,13,Osaka,ST0464,50,46,32.6,0.31,10.11,5344.8,0
2020-08-07,21,Seoul,ST0032,100,58,30.75,0.19,5.84,4365.47,1
2018-03-19,18,Madrid,ST0296,22,28,16.08,0.17,2.73,6167.0,1
2024-03-16,18,Chicago,ST0138,150,52,18.13,0.09,1.63,4522.99,1
2022-09-05,23,Amsterdam,ST0060,50,51,27.11,0.27,7.32,4772.78,0
2024-12-25,23,Tokyo,ST0178,50,32,28.87,0.25,7.22,4180.96,0
2025-10-28,14,Madrid,ST0011,11,10,25.02,0.22,5.5,3765.89,0
2021-03-25,19,Singapore,ST0099,50,34,14.66,0.34,4.98,4992.29,1
2021-11-09,16,Rome,ST0119,100,37,14.87,0.13,1.93,5521.95,0
2020-06-18,15,Helsinki,ST0466,150,45,13.18,0.13,1.71,5157.62,0
2021-10-21,19,Dublin,ST0437,150,80,34.31,0.2,6.86,5253.74,1
2025-05-14,16,Rome,ST0068,22,86,34.07,0.23,7.83,5056.46,0
2025-12-23,23,Berlin,ST0492,50,56,32.51,0.08,2.6,5320.67,0
2025-07-20,15,Tokyo,ST0377,22,80,35.33,0.22,7.77,5709.14,0
2023-04-19,23,San Francisco,ST0319,11,46,35.88,0.22,7.89,4996.26,0
2021-03-02,22,Seoul,ST0384,7,37,22.87,0.32,7.32,5041.08,0
2025-06-25,9,Amsterdam,ST0067,11,52,20.76,0.28,5.81,5111.13,0
2020-03-28,23,San Francisco,ST0311,50,63,31.01,0.17,5.27,5486.04,0
2019-02-18,23,Madrid,ST0483,50,31,30.72,0.18,5.53,4656.89,0
2021-05-28,19,Denver,ST0108,100,59,29.64,0.15,4.45,5215.83,1
2018-07-12,14,Los Angeles,ST0184,22,15,15.16,0.17,2.58,5101.42,0
2022-01-02,23,Osaka,ST0082,11,15,21.56,0.14,3.02,5360.78,0
2023-08-25,14,New York,ST0414,7,23,24.76,0.18,4.46,4721.05,0
2021-10-15,6,Madrid,ST0059,100,63,29.66,0.22,6.53,3974.87,0
2020-07-17,23,Houston,ST0288,11,31,19.45,0.38,7.39,4685.99,0
2023-06-16,21,Boston,ST0175,22,56,26.67,0.24,6.4,5214.88,1
2018-07-11,19,Sydney,ST0450,100,43,30.72,0.13,3.99,5513.59,1
2020-12-31,22,Phoenix,ST0437,150,58,30.54,0.21,6.41,4127.69,0
2023-10-13,17,Dublin,ST0343,7,25,17.34,0.13,2.25,4670.69,1
2025-12-03,15,New York,ST0475,50,10,22.7,0.38,8.63,5193.92,0
2023-02-16,16,Sydney,ST0057,7,43,21.06,0.23,4.84,4885.72,0
2024-11-05,13,Dublin,ST0401,7,78,19.92,0.27,5.38,4789.1,0
2024-04-22,23,New York,ST0260,7,51,22.32,0.2,4.46,5069.24,0
2019-11-16,12,Tokyo,ST0061,11,29,12.56,0.16,2.01,4837.17,0
2022-01-21,19,San Francisco,ST0373,22,10,18.51,0.26,4.81,4872.6,1
2025-12-10,14,Rome,ST0391,100,36,19.62,0.18,3.53,4945.38,0
2023-08-04,23,Singapore,ST0446,7,30,20.01,0.22,4.4,4696.36,0
2019-09-24,23,Tokyo,ST0187,22,10,16.54,0.28,4.63,4879.13,0
2019-07-19,13,Houston,ST0435,11,53,28.89,0.23,6.65,4474.96,0
2022-12-04,20,Madrid,ST0394,7,36,26.05,0.32,8.33,3701.4,1
2020-10-01,18,Amsterdam,ST0175,22,10,31.41,0.19,5.97,5358.82,1
2023-08-31,17,San Francisco,ST0044,22,28,16.75,0.33,5.53,5384.97,1
2022-03-06,23,Seoul,ST0387,50,46,24.96,0.2,4.99,4916.3,0
2022-01-17,12,Tokyo,ST0341,11,46,19.57,0.25,4.89,4903.3,0
2019-09-13,19,Sydney,ST0386,100,78,27.17,0.27,7.34,6014.44,1
2022-09-24,23,Denver,ST0071,50,68,24.63,0.24,5.91,4399.37,0
2022-08-21,20,Madrid,ST0460,50,50,24.12,0.29,6.99,4392.58,1
2023-10-16,23,Osaka,ST0186,7,63,25.21,0.21,5.29,5301.13,0
2022-12-18,23,Phoenix,ST0395,7,47,24.36,0.22,5.36,5948.45,0
2023-10-21,16,Chicago,ST0044,22,44,30.6,0.23,7.04,5510.92,0
2021-07-13,13,Berlin,ST0396,11,40,30.22,0.17,5.14,4805.24,0
2022-11-13,19,New York,ST0202,7,25,18.93,0.23,4.35,4979.06,1
2025-05-28,23,Tokyo,ST0078,100,75,22.72,0.23,5.23,5388.0,0
2018-08-25,23,Tokyo,ST0366,150,59,26.53,0.27,7.16,5403.02,0
2023-10-31,13,Miami,ST0215,50,48,31.06,0.21,6.52,4948.95,0
2025-08-20,16,Seoul,ST0284,22,10,19.3,0.24,4.63,4640.97,0
2021-07-08,12,Paris,ST0005,22,27,25.06,0.36,9.02,5531.46,0
2023-12-02,11,Dublin,ST0472,11,62,22.12,0.18,3.98,4577.51,0
2025-11-08,21,Berlin,ST0229,150,64,25.19,0.21,5.29,5252.89,1
2020-04-20,20,Oslo,ST0320,100,68,19.74,0.22,4.34,4444.94,1
2025-04-24,17,Rome,ST0358,22,40,22.57,0.16,3.61,4186.62,1
2025-04-11,7,Berlin,ST0398,11,42,20.88,0.17,3.55,5384.81,0
2021-05-20,13,Chicago,ST0019,100,73,34.88,0.08,2.79,4945.71,0
2021-10-02,16,Berlin,ST0372,150,10,11.98,0.27,3.23,5877.51,0
2019-06-01,22,Stockholm,ST0277,22,51,24.01,0.34,8.16,6110.17,0
2020-05-25,15,Chicago,ST0262,100,10,8.71,0.31,2.7,4811.31,0
2021-07-02,18,Stockholm,ST0175,150,10,15.43,0.2,3.09,5025.66,1
2019-10-18,16,Los Angeles,ST0015,100,24,16.96,0.3,5.09,5010.22,0
2024-08-23,21,Boston,ST0124,22,27,6.47,0.18,1.16,4512.6,1
2022-09-28,19,Stockholm,ST0057,150,110,34.68,0.41,14.22,5303.09,1
2018-09-03,14,Paris,ST0133,150,51,33.02,0.35,11.56,4624.42,0
2023-09-10,19,Paris,ST0064,7,16,24.04,0.33,7.93,4996.07,1
2025-04-20,14,Houston,ST0230,22,52,26.33,0.23,6.06,4974.67,0
2024-06-02,17,Singapore,ST0003,50,64,29.36,0.15,4.4,4452.15,1
2021-10-20,16,Denver,ST0413,150,59,25.82,0.17,4.39,5054.04,0
2024-07-10,16,Helsinki,ST0366,150,62,27.11,0.2,5.42,5044.18,0
2025-06-18,23,Oslo,ST0433,100,33,23.97,0.22,5.27,5269.38,0
2020-08-15,14,Paris,ST0154,22,47,29.18,0.15,4.38,4232.01,0
2025-06-24,11,Seoul,ST0294,150,21,23.5,0.12,2.82,4665.04,0
2019-07-28,21,Seoul,ST0194,100,53,22.43,0.23,5.16,5063.3,1
2020-10-11,16,Houston,ST0168,100,40,33.98,0.28,9.51,6196.23,0
2024-07-13,15,Seattle,ST0422,22,43,16.5,0.16,2.64,5816.95,0
2023-02-04,15,Houston,ST0076,150,83,21.74,0.15,3.26,4716.36,0
2022-10-10,17,Madrid,ST0042,7,63,27.81,0.19,5.28,4884.6,1
2018-09-12,16,Madrid,ST0455,11,26,16.68,0.29,4.84,3972.64,0
2023-05-05,23,Seattle,ST0229,7,38,18.7,0.27,5.05,5777.4,0
2022-02-21,23,Osaka,ST0270,50,55,30.03,0.1,3.0,4819.22,0
2024-08-06,13,Oslo,ST0266,50,69,24.36,0.28,6.82,5125.38,0
2020-12-16,13,Helsinki,ST0256,150,33,28.43,0.17,4.83,4936.15,0
2022-10-01,14,Rome,ST0353,50,38,22.33,0.17,3.8,4389.09,0
2022-09-04,19,San Francisco,ST0074,100,28,17.31,0.15,2.6,4910.27,1
2019-06-05,22,Amsterdam,ST0365,50,75,23.37,0.37,8.65,4531.13,0
2019-06-14,23,Seoul,ST0263,100,30,17.25,0.17,2.93,5002.76,0
2019-04-29,20,Seoul,ST0109,50,58,20.24,0.15,3.04,4522.64,1
2023-04-23,17,New York,ST0383,11,40,18.05,0.24,4.33,6043.48,1
2024-04-08,15,Paris,ST0472,7,36,25.12,0.18,4.52,5234.96,0
2024-09-30,14,Madrid,ST0057,7,81,29.44,0.18,5.3,4603.43,0
2022-02-22,15,Helsinki,ST0149,7,72,20.3,0.17,3.45,4600.35,0
2023-11-12,17,Phoenix,ST0061,22,39,15.22,0.19,2.89,4851.12,1
2021-06-02,14,Paris,ST0156,22,58,29.56,0.21,6.21,5013.5,0
2023-06-14,7,Los Angeles,ST0406,11,36,27.34,0.19,5.2,4380.75,0
2019-08-06,23,Helsinki,ST0216,7,81,30.06,0.3,9.02,3967.26,0
2021-06-03,14,Miami,ST0111,11,35,21.02,0.19,3.99,3589.07,0
2023-06-26,19,Los Angeles,ST0063,100,55,32.61,0.16,5.22,4575.36,1
2021-11-29,4,Chicago,ST0446,7,39,27.19,0.18,4.89,5760.46,0
2022-09-07,16,Amsterdam,ST0294,22,47,16.82,0.24,4.04,3897.64,0
2024-05-06,21,Rome,ST0461,22,59,31.88,0.15,4.78,5127.79,1
2022-03-26,20,Amsterdam,ST0428,150,53,20.03,0.08,1.6,5153.61,1
2024-10-16,17,Phoenix,ST0391,11,33,25.78,0.22,5.67,4283.52,1
2023-08-30,8,Tokyo,ST0236,50,22,32.61,0.27,8.8,4884.73,0
2025-06-25,17,Rome,ST0077,150,40,28.64,0.19,5.44,5243.0,1
2021-08-25,16,Chicago,ST0410,100,83,31.67,0.31,9.82,4654.48,0
2025-06-14,23,Dublin,ST0210,50,38,23.11,0.33,7.63,4531.05,0
2020-08-11,19,Berlin,ST0174,100,53,26.96,0.19,5.12,6030.97,1
2018-07-07,11,Osaka,ST0456,50,74,32.96,0.35,11.53,4057.71,0
2021-02-10,13,Tokyo,ST0046,11,74,17.49,0.11,1.92,4585.83,0
2025-12-06,18,Los Angeles,ST0293,150,76,26.19,0.18,4.71,5120.47,1
2025-12-07,20,Miami,ST0288,150,53,23.47,0.08,1.88,4535.07,1
2019-05-23,23,Tokyo,ST0287,7,48,22.15,0.3,6.64,4483.53,0
2020-02-28,16,Dublin,ST0278,100,47,21.43,0.23,4.93,4811.89,0
2018-08-05,11,Helsinki,ST0268,11,48,17.12,0.23,3.94,5475.54,0
2023-05-04,16,Stockholm,ST0460,7,21,19.89,0.16,3.18,5196.79,0
2019-05-08,17,Osaka,ST0480,100,79,33.29,0.21,6.99,5330.98,1
2020-01-07,16,Los Angeles,ST0141,11,45,21.59,0.27,5.83,5622.87,0
2020-10-01,21,Seoul,ST0430,100,63,30.18,0.26,7.85,4471.06,1
2022-12-25,23,Chicago,ST0414,100,81,26.55,0.19,5.04,5372.41,0
2024-10-21,20,London,ST0206,100,40,16.55,0.24,3.97,5241.92,1
2018-07-04,21,Amsterdam,ST0442,7,51,22.76,0.29,6.6,5043.98,1
2021-10-24,15,Madrid,ST0093,50,41,14.19,0.21,2.98,5200.98,0
2018-04-09,19,Stockholm,ST0163,50,75,25.69,0.25,6.42,5379.11,1
2020-11-19,23,Chicago,ST0059,7,47,18.42,0.28,5.16,5966.54,0
2024-01-29,16,San Francisco,ST0147,11,61,31.46,0.29,9.12,5008.63,0
2020-01-19,14,Boston,ST0394,7,43,25.45,0.28,7.13,5048.78,0
2019-09-24,16,Miami,ST0488,50,56,29.02,0.25,7.26,4517.99,0
2025-08-11,17,San Francisco,ST0031,100,63,18.64,0.08,1.49,5668.62,1
2021-08-25,20,San Francisco,ST0014,150,57,19.46,0.27,5.25,5115.45,1
2018-08-28,10,Miami,ST0200,7,73,27.55,0.19,5.24,4621.22,0
2021-08-03,7,Phoenix,ST0212,22,56,26.03,0.21,5.47,5383.36,0
2020-11-22,11,Berlin,ST0483,7,33,17.71,0.2,3.54,4824.57,0
2018-08-01,20,Seattle,ST0123,100,38,18.17,0.34,6.18,6178.51,1
2024-07-28,18,Denver,ST0253,100,29,28.86,0.12,3.46,4808.04,1
2023-08-29,14,Berlin,ST0487,7,21,19.12,0.16,3.06,4862.81,0
2021-01-08,18,New York,ST0163,50,32,19.99,0.2,4.0,5344.87,1
2024-03-15,17,Madrid,ST0034,50,61,28.25,0.26,7.34,5646.92,1
2018-04-29,12,Madrid,ST0325,11,35,31.02,0.2,6.2,3456.5,0
2018-03-18,16,Boston,ST0284,100,47,10.55,0.31,3.27,4505.36,0
2025-07-28,19,Houston,ST0127,100,40,16.36,0.15,2.45,4477.89,1
2025-04-22,23,Phoenix,ST0156,100,42,20.43,0.15,3.06,5639.8,0
2022-07-25,23,Rome,ST0043,150,68,28.62,0.24,6.87,4466.52,0
2023-08-12,16,Seattle,ST0401,11,31,12.59,0.29,3.65,4522.45,0
2022-03-10,23,Oslo,ST0087,11,62,28.22,0.26,7.34,4765.24,0
2024-01-11,23,Madrid,ST0493,100,45,24.91,0.17,4.23,4594.06,0
2023-01-25,20,New York,ST0001,50,49,19.93,0.12,2.39,4344.77,1
2024-12-17,23,Miami,ST0335,11,32,20.15,0.32,6.45,4479.51,0
2018-01-03,14,New York,ST0478,50,29,29.57,0.36,10.65,5274.06,0
2021-01-24,21,Dublin,ST0129,150,33,31.7,0.24,7.61,5473.34,1
2022-04-07,17,Paris,ST0432,150,39,31.0,0.26,8.06,5689.67,1
2020-05-21,19,Helsinki,ST0431,100,28,18.44,0.23,4.24,4640.52,1
2021-02-26,12,New York,ST0083,150,69,23.56,0.23,5.42,4982.29,0
2023-12-28,15,Helsinki,ST0036,22,74,21.29,0.24,5.11,5008.24,0
2019-01-03,17,Berlin,ST0358,7,19,24.63,0.27,6.65,4600.75,1
2019-07-27,21,Singapore,ST0285,22,52,17.84,0.16,2.85,5560.49,1
2022-11-05,19,Seattle,ST0313,100,33,17.67,0.18,3.18,4728.43,1
2021-07-27,13,Osaka,ST0485,22,10,24.9,0.29,7.22,4222.97,0
2025-02-14,18,Boston,ST0386,150,26,19.81,0.2,3.96,4725.33,1
2023-01-29,23,Boston,ST0126,150,36,18.28,0.17,3.11,5555.0,0
2021-08-10,9,London,ST0108,50,29,28.71,0.24,6.89,4890.82,0
2024-09-21,23,London,ST0009,150,49,20.34,0.2,4.07,4473.64,0
2019-07-02,23,Tokyo,ST0473,7,56,30.34,0.3,9.1,4874.26,0
2024-10-29,13,Amsterdam,ST0003,7,43,18.8,0.23,4.32,5401.23,0
2025-07-18,17,San Francisco,ST0212,100,47,23.17,0.28,6.49,4598.79,1
2025-10-23,7,Seoul,ST0251,50,54,29.42,0.25,7.35,4437.56,0
2024-01-14,12,Chicago,ST0404,150,54,25.19,0.21,5.29,5751.98,0
2025-04-21,13,Chicago,ST0276,7,80,27.76,0.09,2.5,4781.43,0
2025-07-13,22,Rome,ST0345,7,37,15.07,0.21,3.16,4571.68,0
2021-12-16,20,Berlin,ST0424,100,60,19.92,0.17,3.39,5358.0,1
2022-01-06,13,Berlin,ST0091,150,23,14.87,0.24,3.57,4974.05,0
2018-02-04,14,Houston,ST0237,22,45,31.04,0.15,4.66,3928.27,0
2020-03-01,20,Rome,ST0005,11,42,19.49,0.27,5.26,5397.57,1
2018-03-23,6,Sydney,ST0144,150,31,33.31,0.26,8.66,5091.28,0
2025-12-14,23,Paris,ST0099,7,45,27.38,0.27,7.39,5339.05,0
2024-11-17,16,Tokyo,ST0156,150,48,20.82,0.22,4.58,4319.03,0
2020-06-24,14,Denver,ST0253,22,39,17.96,0.18,3.23,4769.88,0
2018-05-31,20,Boston,ST0253,150,63,23.24,0.31,7.2,5462.27,1
2025-12-05,20,Dublin,ST0108,7,48,25.36,0.3,7.61,5613.21,1
2020-03-14,23,Tokyo,ST0203,7,45,26.17,0.31,8.11,4752.84,0
2021-02-10,16,Helsinki,ST0257,50,45,27.9,0.28,7.81,4816.16,0
2019-11-30,10,Oslo,ST0100,150,49,19.29,0.12,2.31,4145.22,0
2024-05-06,19,Osaka,ST0350,100,72,26.83,0.23,6.17,5578.79,1
2024-05-03,10,San Francisco,ST0034,100,55,24.54,0.26,6.38,4556.43,0
2019-06-10,13,Singapore,ST0034,11,47,31.89,0.28,8.93,4633.7,0
2020-11-29,11,Helsinki,ST0439,11,11,25.9,0.15,3.89,4660.85,0
2023-11-13,23,Singapore,ST0401,22,12,26.9,0.2,5.38,4493.31,0
2020-02-25,16,Osaka,ST0012,150,30,23.8,0.17,4.05,3959.4,0
2025-08-08,16,Oslo,ST0315,22,17,21.06,0.14,2.95,4660.24,0
2025-08-20,18,Oslo,ST0453,50,40,24.05,0.27,6.49,4377.24,1
2018-01-09,17,Madrid,ST0329,150,10,20.44,0.2,4.09,4430.02,1
2025-04-16,19,New York,ST0438,22,68,23.78,0.15,3.57,5057.63,1
2022-11-07,11,Madrid,ST0141,7,31,27.83,0.22,6.12,3891.59,0
2025-08-17,9,Stockholm,ST0239,50,48,28.07,0.11,3.09,5017.14,0
2022-01-20,23,Stockholm,ST0389,7,82,29.5,0.26,7.67,4011.39,0
2020-07-08,23,New York,ST0143,50,33,17.29,0.2,3.46,5785.01,0
2023-12-21,23,Rome,ST0162,7,47,28.63,0.22,6.3,4555.62,0
2022-05-25,23,Seattle,ST0172,7,32,29.52,0.31,9.15,5385.09,0
2024-05-31,23,Los Angeles,ST0378,11,89,27.8,0.16,4.45,4139.08,0
2025-09-25,23,Madrid,ST0491,7,36,28.0,0.17,4.76,5841.11,0
2020-10-20,14,Seattle,ST0085,22,21,19.48,0.18,3.51,5156.06,0
2021-06-27,17,Chicago,ST0321,150,57,23.38,0.17,3.98,4641.76,1
2019-02-01,23,Los Angeles,ST0246,50,49,13.96,0.18,2.51,5064.28,0
2018-04-09,23,Helsinki,ST0409,150,65,21.19,0.39,8.26,5029.19,0
2021-10-01,23,Boston,ST0127,7,21,8.53,0.12,1.02,3368.95,0
2023-04-24,23,Denver,ST0491,22,49,19.26,0.25,4.81,5131.69,0
2018-08-11,21,London,ST0267,11,69,24.83,0.16,3.97,5433.21,1
2018-10-26,22,Sydney,ST0308,100,47,34.53,0.19,6.56,4628.18,0
2022-12-02,20,Sydney,ST0049,150,31,24.2,0.16,3.87,4796.67,1
2023-01-03,23,Helsinki,ST0064,7,36,18.33,0.3,5.5,4507.78,0
2018-09-06,14,New York,ST0194,22,56,29.41,0.31,9.12,4524.04,0
2025-10-11,20,Chicago,ST0401,11,35,19.17,0.3,5.75,4701.91,1
2018-09-11,19,Rome,ST0029,22,48,18.41,0.29,5.34,5233.77,1
2024-11-06,8,Tokyo,ST0222,7,50,20.14,0.3,6.04,4017.84,0
2019-02-22,16,Osaka,ST0029,100,52,24.51,0.27,6.62,4158.84,0
2018-08-02,23,Miami,ST0436,50,55,31.4,0.28,8.79,5079.79,0
2022-07-04,11,Houston,ST0317,50,33,29.91,0.32,9.57,4529.83,0
2020-08-12,3,Dublin,ST0404,150,40,21.36,0.2,4.27,4909.72,0
2024-12-30,22,Los Angeles,ST0233,50,64,27.91,0.09,2.51,4881.03,0
2023-03-17,23,Madrid,ST0451,100,52,26.08,0.25,6.52,5272.01,0
2024-12-11,6,Houston,ST0174,150,40,22.61,0.31,7.01,4734.28,0
2025-07-30,9,Los Angeles,ST0233,100,53,20.34,0.13,2.64,4344.28,0
2021-09-06,20,Helsinki,ST0099,7,70,28.81,0.26,7.49,5251.78,1
2019-02-25,18,Los Angeles,ST0305,150,58,12.87,0.23,2.96,4389.0,1
2018-10-04,23,Helsinki,ST0405,11,42,23.19,0.11,2.55,5561.19,0
2024-06-05,21,Phoenix,ST0327,100,56,20.65,0.17,3.51,5114.42,1
2020-11-15,14,Paris,ST0216,50,53,13.56,0.19,2.58,5732.6,0
2024-12-18,20,Rome,ST0096,11,48,33.69,0.08,2.69,4627.09,1
2019-07-18,15,New York,ST0031,11,62,29.82,0.16,4.77,5418.25,0
2021-06-30,15,Helsinki,ST0224,100,69,21.12,0.21,4.43,4639.38,0
2025-04-23,23,Sydney,ST0184,22,34,21.87,0.26,5.69,5320.1,0
2024-07-18,22,Oslo,ST0398,11,49,21.79,0.2,4.36,5039.99,0
2019-08-27,19,Amsterdam,ST0159,100,42,23.14,0.11,2.54,5306.22,1
2021-11-05,18,Miami,ST0189,7,65,25.8,0.1,2.58,4783.98,1
2023-10-22,17,Helsinki,ST0337,150,59,14.73,0.22,3.24,5155.75,1
2019-08-16,14,New York,ST0122,100,46,20.38,0.17,3.47,4657.33,0
2024-04-10,14,New York,ST0217,22,58,21.29,0.16,3.41,5749.11,0
2020-03-11,22,Seattle,ST0328,11,10,15.38,0.24,3.69,5163.38,0
2018-10-08,10,London,ST0097,150,68,30.29,0.25,7.57,5499.51,0
2023-05-03,20,Seoul,ST0355,50,53,32.15,0.3,9.64,4607.84,1
2024-09-22,21,Seoul,ST0170,100,31,24.24,0.25,6.06,4325.23,1
2024-05-07,17,London,ST0316,22,50,21.82,0.24,5.24,5330.22,1
2022-09-11,17,London,ST0084,7,49,30.8,0.25,7.7,5063.6,1
2023-02-04,13,New York,ST0254,11,58,26.61,0.31,8.25,4889.88,0
2018-01-16,8,Tokyo,ST0115,150,10,22.88,0.18,4.12,4969.9,0
2020-08-01,18,Rome,ST0320,11,41,22.44,0.16,3.59,4941.86,1
2020-09-06,15,Amsterdam,ST0377,22,37,20.82,0.2,4.16,5344.37,0
2022-03-20,17,Seattle,ST0205,11,65,33.49,0.28,9.38,5241.19,1
2018-01-28,19,Paris,ST0006,7,62,25.89,0.29,7.51,5290.6,1
2022-01-05,16,Los Angeles,ST0285,7,62,25.9,0.21,5.44,4685.49,0
2019-08-07,18,Miami,ST0226,11,64,30.12,0.24,7.23,5280.32,1
2025-01-29,23,Helsinki,ST0468,22,42,17.46,0.31,5.41,4764.96,0
2018-06-29,14,Los Angeles,ST0102,11,10,22.06,0.11,2.43,4493.1,0
2021-03-09,20,San Francisco,ST0113,22,59,21.82,0.21,4.58,4550.99,1
2019-12-15,15,London,ST0434,100,50,21.49,0.2,4.3,4153.61,0
2020-10-04,23,San Francisco,ST0101,7,55,28.56,0.31,8.86,4661.65,0
2019-12-23,16,Boston,ST0467,7,10,34.9,0.21,7.33,5478.97,0
2018-03-27,11,Osaka,ST0071,50,64,34.97,0.22,7.69,4354.43,0
2025-05-06,17,Houston,ST0174,11,10,19.01,0.28,5.32,4898.16,1
2021-06-03,16,Rome,ST0123,22,55,27.62,0.1,2.76,4974.89,0
2022-03-06,23,Osaka,ST0088,100,18,19.73,0.36,7.1,5591.02,0
2024-12-27,15,Madrid,ST0450,150,49,23.87,0.17,4.06,4858.35,0
2018-09-25,16,Houston,ST0074,11,47,19.9,0.13,2.59,4878.95,0
2020-02-16,23,Seattle,ST0273,50,46,21.86,0.27,5.9,4968.29,0
2025-10-15,23,Paris,ST0163,100,44,26.78,0.17,4.55,5318.67,0
2022-10-26,19,Tokyo,ST0126,7,43,20.65,0.18,3.72,5103.78,1
2024-11-28,21,Helsinki,ST0097,100,42,24.48,0.22,5.38,5067.17,1
2021-04-19,16,Phoenix,ST0168,11,45,36.89,0.24,8.85,5290.21,0
2018-08-07,20,Tokyo,ST0408,22,39,29.15,0.2,5.83,5544.13,1
2019-06-02,16,Stockholm,ST0496,100,25,22.83,0.14,3.2,5179.13,0
2023-06-26,12,Seattle,ST0373,7,38,15.4,0.42,6.47,3974.63,0
2023-04-12,18,Osaka,ST0315,7,67,31.22,0.28,8.74,4826.27,1
2019-11-17,23,Stockholm,ST0199,150,63,26.62,0.24,6.39,4914.52,0
2023-09-17,13,Paris,ST0256,100,69,32.84,0.16,5.25,4814.47,0
2023-03-17,17,San Francisco,ST0165,150,44,23.6,0.29,6.84,4560.8,1
2022-03-12,13,Stockholm,ST0356,50,69,23.97,0.13,3.12,4613.3,0
2023-07-20,16,Amsterdam,ST0138,100,76,31.74,0.3,9.52,5356.96,0
2022-07-01,22,Tokyo,ST0472,100,31,20.73,0.15,3.11,4917.66,0
2025-04-15,21,New York,ST0107,11,47,30.2,0.14,4.23,5290.91,1
2020-04-11,11,Rome,ST0442,11,46,27.22,0.2,5.44,5104.45,0
2022-06-10,13,Seattle,ST0157,50,11,22.11,0.34,7.52,4350.4,0
2022-03-25,23,Helsinki,ST0081,22,45,16.72,0.14,2.34,5034.78,0
2020-11-08,15,Oslo,ST0044,11,18,11.69,0.16,1.87,4943.66,0
2018-12-11,17,Miami,ST0228,100,34,23.09,0.29,6.7,5129.42,1
2021-12-11,17,Denver,ST0299,7,63,20.76,0.2,4.15,4822.5,1
2023-03-21,11,Stockholm,ST0319,22,36,11.95,0.35,4.18,4299.07,0
2022-10-12,23,Rome,ST0240,50,45,26.22,0.19,4.98,5168.86,0
2022-08-03,21,Paris,ST0412,50,58,28.83,0.19,5.48,4795.16,1
2021-07-22,10,Boston,ST0196,7,55,30.01,0.33,9.9,4972.63,0
2020-01-06,14,Rome,ST0120,22,11,24.53,0.09,2.21,4707.81,0
2025-03-28,16,Chicago,ST0184,7,43,23.34,0.23,5.37,3705.67,0
2021-04-21,18,Stockholm,ST0263,100,10,22.86,0.18,4.11,3872.93,1
2025-03-21,13,Chicago,ST0403,22,33,27.91,0.23,6.42,5043.88,0
2020-07-21,23,Houston,ST0061,7,43,26.93,0.27,7.27,4424.49,0
2022-01-15,23,New York,ST0280,11,16,24.51,0.11,2.7,5358.65,0
2021-09-29,23,Seattle,ST0346,22,40,21.52,0.26,5.59,4881.37,0
2020-10-21,23,Miami,ST0382,150,48,22.16,0.18,3.99,4582.16,0
2021-01-29,14,Seattle,ST0362,100,37,20.0,0.17,3.4,5909.43,0
2019-07-19,12,Sydney,ST0367,150,47,26.6,0.26,6.92,4817.11,0
2024-02-03,16,Boston,ST0005,22,54,25.81,0.2,5.16,4142.31,0
2021-02-28,15,Paris,ST0401,50,22,17.3,0.22,3.81,5048.58,0
2022-07-20,23,Helsinki,ST0388,150,34,25.95,0.24,6.23,5711.81,0
2018-02-18,20,Amsterdam,ST0335,100,24,12.26,0.24,2.94,4684.83,1
2019-09-04,13,Berlin,ST0117,11,19,21.08,0.33,6.96,4640.0,0
2020-05-09,20,Amsterdam,ST0120,100,42,16.59,0.27,4.48,4419.03,1
2024-08-01,18,Oslo,ST0388,50,38,27.03,0.15,4.05,5163.54,1
2023-03-05,13,London,ST0406,7,34,3.9,0.37,1.44,5050.89,0
2021-07-06,14,Seattle,ST0220,150,22,18.16,0.27,4.9,3906.6,0
2022-09-07,17,Seattle,ST0225,50,80,21.93,0.23,5.04,6029.38,1
2024-04-06,21,Los Angeles,ST0192,11,47,26.17,0.19,4.97,5674.51,1
2024-06-23,16,Phoenix,ST0157,150,10,17.24,0.15,2.59,4748.38,0
2018-02-09,16,Amsterdam,ST0415,150,68,29.64,0.24,7.11,4937.07,0
2021-12-23,12,London,ST0116,50,10,19.77,0.28,5.53,4764.9,0
2022-10-10,15,Osaka,ST0386,50,54,24.06,0.34,8.18,5512.62,0
2025-09-29,22,Oslo,ST0154,22,60,18.75,0.27,5.06,5203.16,0
2024-08-01,21,Los Angeles,ST0291,7,54,26.74,0.41,10.96,4988.88,1
2019-07-24,22,Phoenix,ST0488,22,35,26.15,0.29,7.58,5226.83,0
2024-05-16,23,Tokyo,ST0410,100,27,18.8,0.23,4.32,5475.62,0
2024-10-25,18,Helsinki,ST0444,50,70,23.09,0.14,3.23,5106.43,1
2022-04-11,17,Seattle,ST0486,50,55,24.46,0.2,4.89,4900.38,1
2018-09-18,18,Oslo,ST0198,11,38,21.54,0.19,4.09,5374.51,1
2023-04-29,18,Houston,ST0169,100,90,29.6,0.18,5.33,6313.75,1
2023-01-24,20,Tokyo,ST0459,22,64,28.64,0.26,7.45,5282.39,1
2019-01-17,12,San Francisco,ST0054,150,52,17.62,0.21,3.7,4447.65,0
2024-03-14,19,San Francisco,ST0017,150,51,26.53,0.24,6.37,4682.69,1
2024-10-07,16,Amsterdam,ST0014,11,63,30.9,0.14,4.33,4178.13,0
2020-03-26,14,Chicago,ST0467,50,65,31.87,0.16,5.1,5061.15,0
2021-03-08,23,Seattle,ST0120,22,53,31.47,0.29,9.13,4630.77,0
2025-05-25,17,Stockholm,ST0036,50,45,23.92,0.28,6.7,5140.03,1
2018-08-24,3,Paris,ST0266,7,18,9.22,0.23,2.12,4717.14,0
2019-12-05,19,London,ST0441,50,25,24.37,0.27,6.58,4349.91,1
2022-05-21,10,San Francisco,ST0057,11,44,32.24,0.34,10.96,5110.66,0
2024-01-07,14,Madrid,ST0245,150,62,23.18,0.17,3.94,3800.73,0
2018-10-09,18,Berlin,ST0490,11,32,22.32,0.08,1.79,5034.2,1
2019-06-17,5,Seattle,ST0159,50,66,28.53,0.2,5.71,4995.48,0
2025-12-16,13,Osaka,ST0244,11,46,27.49,0.08,2.2,4646.36,0
2024-10-08,17,Helsinki,ST0481,22,41,30.21,0.14,4.23,4650.24,1
2024-08-03,8,Seattle,ST0258,150,75,25.77,0.19,4.9,4736.83,0
2025-09-06,21,Rome,ST0142,11,51,37.36,0.25,9.34,4836.81,1
2018-01-31,15,Phoenix,ST0229,7,37,14.93,0.22,3.28,5251.46,0
2022-06-24,14,Dublin,ST0414,11,28,28.94,0.12,3.47,3861.85,0
2023-11-24,12,London,ST0467,100,14,21.61,0.19,4.11,4716.6,0
2023-07-04,23,Rome,ST0237,100,31,25.6,0.33,8.45,4834.55,0
2018-06-10,21,Singapore,ST0047,22,40,27.42,0.11,3.02,4206.93,1
2025-04-01,16,Rome,ST0178,150,27,18.66,0.2,3.73,5254.63,0
2025-12-24,15,Miami,ST0201,100,28,19.6,0.17,3.33,4411.41,0
2019-12-19,9,Madrid,ST0128,11,46,20.68,0.29,6.0,4039.01,0
2024-12-05,15,Singapore,ST0222,50,81,23.02,0.2,4.6,4284.17,0
2022-04-25,11,Osaka,ST0094,150,75,27.86,0.23,6.41,3983.26,0
2024-05-18,19,Houston,ST0202,150,68,31.91,0.27,8.61,4442.89,1
2018-06-28,19,Denver,ST0454,11,58,15.99,0.14,2.24,5388.03,1
2021-01-26,22,Tokyo,ST0276,22,14,23.66,0.23,5.44,5425.12,0
2025-06-23,14,Chicago,ST0358,150,57,29.06,0.2,5.81,4905.11,0
2020-06-08,14,Amsterdam,ST0211,100,78,26.76,0.16,4.28,4529.12,0
2019-05-12,18,Paris,ST0040,7,60,18.52,0.35,6.48,5088.42,1
2023-08-29,20,Sydney,ST0400,22,43,23.26,0.21,4.88,5501.92,1
2022-08-07,17,Rome,ST0085,22,60,23.03,0.23,5.3,4530.16,1
2020-04-29,23,Stockholm,ST0023,50,28,19.74,0.2,3.95,4861.96,0
2018-04-20,21,Chicago,ST0328,150,38,29.53,0.16,4.72,5122.81,1
2025-07-30,14,Singapore,ST0237,50,53,24.28,0.21,5.1,5471.36,0
2021-11-08,14,Singapore,ST0205,11,56,20.88,0.23,4.8,4265.71,0
2022-06-13,14,New York,ST0006,22,43,32.23,0.23,7.41,5736.27,0
2019-04-15,19,Seoul,ST0470,11,37,30.14,0.25,7.53,4679.19,1
2021-09-01,20,Osaka,ST0384,50,39,12.73,0.29,3.69,5498.41,1
2023-06-09,23,Rome,ST0035,7,53,23.12,0.28,6.47,5477.38,0
2024-02-25,23,Osaka,ST0125,150,44,22.45,0.17,3.82,5318.54,0
2022-11-28,10,Phoenix,ST0242,22,60,28.14,0.26,7.32,4881.67,0
2019-10-23,23,San Francisco,ST0430,7,62,22.4,0.18,4.03,4609.78,0
2024-10-22,20,Houston,ST0091,22,24,26.3,0.31,8.15,4565.68,1
2019-05-24,17,Oslo,ST0380,50,45,27.82,0.33,9.18,4108.53,1
2019-11-21,16,Chicago,ST0344,7,39,15.68,0.19,2.98,5096.59,0
2025-08-06,16,Boston,ST0079,50,14,34.05,0.24,8.17,5012.05,0
2022-01-06,12,San Francisco,ST0111,150,50,23.18,0.09,2.09,4297.59,0
2018-05-22,21,Osaka,ST0273,11,83,29.8,0.3,8.94,4961.31,1
2022-12-16,17,Seoul,ST0025,150,66,34.23,0.31,10.61,4443.75,1
2023-11-12,17,Tokyo,ST0340,150,50,22.7,0.25,5.68,5341.09,1
2025-05-27,23,Houston,ST0200,150,78,25.71,0.12,3.09,5241.97,0
2021-06-16,23,Rome,ST0027,100,35,25.63,0.27,6.92,5158.26,0
2018-01-20,18,New York,ST0396,50,26,9.71,0.14,1.36,4703.69,1
2020-04-06,23,Denver,ST0192,11,42,20.44,0.16,3.27,5370.18,0
2020-03-30,23,Chicago,ST0009,50,66,28.95,0.12,3.47,4899.97,0
2018-04-25,23,Los Angeles,ST0173,11,67,18.35,0.22,4.04,5214.96,0
2025-08-17,14,Osaka,ST0033,11,10,19.69,0.16,3.15,4466.86,0
2019-01-31,16,Osaka,ST0086,150,42,22.99,0.16,3.68,4801.87,0
2019-11-16,9,New York,ST0213,100,51,9.84,0.2,1.97,5178.95,0
2019-03-18,12,London,ST0166,100,59,30.86,0.08,2.47,4787.75,0
2025-01-11,3,Seattle,ST0320,11,42,23.0,0.08,1.84,5614.44,0
2024-01-28,19,Berlin,ST0481,50,28,28.69,0.09,2.58,4380.16,1
2019-05-10,6,Denver,ST0110,7,81,29.38,0.27,7.93,4888.03,0
2021-12-31,20,London,ST0089,7,46,24.87,0.23,5.72,4695.2,1
2022-07-06,17,Tokyo,ST0162,7,50,24.55,0.12,2.95,4265.72,1
2022-05-14,23,Seattle,ST0235,11,38,25.48,0.14,3.57,4325.36,0
2018-09-28,13,Osaka,ST0418,22,40,19.47,0.31,6.04,4927.66,0
2025-04-16,23,Dublin,ST0189,7,53,12.3,0.29,3.57,4254.41,0
2018-10-03,19,Seattle,ST0211,22,29,32.19,0.32,10.3,4637.86,1
2024-09-18,17,Amsterdam,ST0053,150,49,28.2,0.22,6.2,4440.34,1
2024-01-06,14,Helsinki,ST0088,22,44,29.45,0.25,7.36,4511.1,0
2019-01-24,21,Dublin,ST0167,150,37,26.89,0.4,10.76,4848.15,1
2025-10-23,22,Berlin,ST0348,150,30,21.04,0.22,4.63,4927.31,0
2019-06-29,23,London,ST0090,150,38,25.49,0.08,2.04,5277.98,0
2025-09-17,23,London,ST0436,150,34,9.53,0.22,2.1,5006.71,0
2023-05-29,21,Chicago,ST0172,7,85,26.3,0.16,4.21,4441.74,1
2024-10-28,18,Helsinki,ST0230,50,54,21.75,0.27,5.87,5179.7,1
2023-09-25,18,Tokyo,ST0380,11,26,18.71,0.08,1.5,5052.74,1
2023-08-25,18,Helsinki,ST0361,7,48,26.28,0.25,6.57,4909.93,1
2020-08-10,18,Los Angeles,ST0316,7,16,17.0,0.22,3.74,4560.08,1
2021-06-19,22,Denver,ST0378,50,31,22.8,0.23,5.24,5404.34,0
2020-09-24,22,Dublin,ST0041,7,58,14.43,0.3,4.33,5761.37,0
2019-07-18,15,Paris,ST0256,22,49,19.43,0.08,1.55,4508.35,0
2020-04-07,15,Phoenix,ST0193,11,37,17.65,0.17,3.0,4865.08,0
2025-03-14,14,New York,ST0122,150,55,28.01,0.39,10.92,5454.87,0
2024-09-15,19,Rome,ST0379,22,32,23.31,0.24,5.59,4716.58,1
2019-07-04,21,Boston,ST0163,150,17,18.82,0.26,4.89,4851.48,1
2018-06-12,16,Stockholm,ST0406,50,42,18.86,0.3,5.66,4386.43,0
2025-04-08,19,Miami,ST0385,7,53,19.62,0.23,4.51,4503.65,1
2020-07-27,23,Singapore,ST0170,22,22,17.37,0.13,2.26,4350.63,0
2020-09-19,23,Seattle,ST0277,7,55,25.3,0.17,4.3,5515.01,0
2025-06-16,13,Denver,ST0411,150,60,20.84,0.17,3.54,5222.49,0
2025-10-22,22,Singapore,ST0114,100,56,19.47,0.19,3.7,5096.34,0
2022-04-12,13,Stockholm,ST0165,11,72,14.63,0.17,2.49,4563.74,0
2022-12-17,3,Tokyo,ST0004,7,17,23.17,0.22,5.1,5439.23,0
2023-07-07,23,Chicago,ST0489,11,53,25.93,0.22,5.7,3736.16,0
2018-08-02,11,Tokyo,ST0073,11,47,26.72,0.24,6.41,4380.65,0
2019-05-30,22,Chicago,ST0089,100,74,31.57,0.29,9.16,4786.67,0
2024-02-27,23,Seattle,ST0121,100,47,26.2,0.25,6.55,5004.05,0
2018-11-17,13,Madrid,ST0372,50,43,28.09,0.19,5.34,5319.05,0
2021-06-29,21,San Francisco,ST0370,11,39,29.62,0.2,5.92,5793.27,1
2020-09-30,20,Madrid,ST0091,100,44,18.84,0.21,3.96,4873.48,1
2020-10-16,11,Miami,ST0147,100,40,18.78,0.26,4.88,5448.26,0
2023-01-11,11,Tokyo,ST0104,22,79,26.84,0.15,4.03,5206.23,0
2023-05-25,15,Chicago,ST0487,22,43,21.14,0.16,3.38,5246.55,0
2022-06-20,16,Berlin,ST0086,50,16,22.68,0.14,3.17,4334.07,0
2022-12-13,23,Madrid,ST0259,100,21,8.94,0.26,2.32,4843.82,0
2022-11-11,16,Sydney,ST0080,50,38,23.72,0.17,4.03,5652.93,0
2018-03-23,10,Sydney,ST0196,50,53,27.57,0.17,4.69,4298.42,0
2018-12-07,23,Sydney,ST0465,22,25,17.97,0.28,5.03,5049.24,0
2024-09-03,9,Oslo,ST0079,100,79,24.83,0.19,4.72,4907.21,0
2019-12-21,21,Boston,ST0195,50,84,19.78,0.28,5.54,5370.62,1
2021-06-06,17,Rome,ST0146,50,60,29.87,0.12,3.58,5834.37,1
2024-04-21,10,Dublin,ST0247,7,22,19.33,0.35,6.77,4623.2,0
2021-09-26,17,Phoenix,ST0367,50,73,25.26,0.14,3.54,4732.42,1
2020-03-12,23,Phoenix,ST0470,11,46,33.17,0.27,8.96,4770.29,0
2018-01-18,18,Los Angeles,ST0442,100,27,17.9,0.53,9.49,5440.9,1
2022-03-13,22,Amsterdam,ST0208,50,32,29.69,0.3,8.91,5999.56,0
2022-06-05,23,Singapore,ST0192,50,15,14.25,0.15,2.14,4545.03,0
2023-06-29,19,Miami,ST0329,100,33,32.32,0.35,11.31,5006.06,1
2018-10-19,23,Madrid,ST0454,7,74,24.63,0.08,1.97,4949.52,0
2019-05-25,14,Berlin,ST0478,100,49,24.33,0.22,5.35,5139.15,0
2019-10-28,11,Seattle,ST0391,50,53,22.16,0.23,5.1,5287.35,0
2020-11-11,11,Sydney,ST0468,150,39,22.09,0.18,3.98,5258.26,0
2021-11-28,14,Stockholm,ST0364,50,33,18.41,0.3,5.52,4607.42,0
2025-02-13,20,Seoul,ST0189,150,84,27.71,0.3,8.31,5846.5,1
2018-08-25,23,Tokyo,ST0198,50,44,26.49,0.13,3.44,4675.94,0
2020-10-07,14,Denver,ST0245,7,89,24.62,0.16,3.94,4356.51,0
2022-01-20,20,Tokyo,ST0362,150,47,29.07,0.27,7.85,4326.1,1
2018-04-26,13,Seoul,ST0341,150,72,25.62,0.3,7.69,4787.65,0
2019-08-29,13,Boston,ST0310,50,38,17.72,0.18,3.19,4931.34,0
2025-08-21,20,Phoenix,ST0131,11,13,19.47,0.18,3.51,4653.69,1
2024-10-02,18,Helsinki,ST0488,150,33,28.87,0.3,8.66,5566.4,1
2019-10-24,15,Los Angeles,ST0060,7,25,21.41,0.21,4.5,4581.23,0
2025-03-24,12,Seoul,ST0470,50,44,21.26,0.27,5.74,5157.59,0
2022-06-17,23,Seoul,ST0301,7,19,22.29,0.17,3.79,4438.93,0
2023-10-25,15,Seattle,ST0449,50,66,24.06,0.33,7.94,5170.67,0
2019-11-11,16,Madrid,ST0130,150,68,28.39,0.15,4.26,5862.95,0
2021-05-22,19,Stockholm,ST0496,100,45,19.12,0.3,5.74,5215.13,1
2025-05-21,21,Berlin,ST0301,22,34,26.25,0.28,7.35,4690.61,1
2022-08-13,10,Sydney,ST0449,150,56,16.85,0.23,3.88,4543.79,0
2018-12-31,23,Houston,ST0326,100,37,27.98,0.18,5.04,5571.9,0
2021-11-11,23,Phoenix,ST0138,150,23,22.22,0.41,9.11,5082.18,0
2020-05-08,18,Singapore,ST0204,150,60,25.41,0.1,2.54,5527.77,1
2021-06-15,7,Los Angeles,ST0087,50,36,28.36,0.2,5.67,4406.58,0
2018-01-07,22,Houston,ST0036,150,27,15.13,0.24,3.63,4909.05,0
2022-09-08,11,Stockholm,ST0214,150,57,27.16,0.19,5.16,4682.98,0
2021-03-27,20,Singapore,ST0221,11,68,24.75,0.27,6.68,5281.58,1
2019-12-24,22,Paris,ST0096,150,45,18.84,0.19,3.58,5186.78,0
2019-07-05,23,Seattle,ST0250,11,35,26.22,0.2,5.24,5120.13,0
2023-08-21,23,Houston,ST0231,100,60,18.99,0.18,3.42,5664.08,0
2020-05-20,18,San Francisco,ST0103,7,22,16.55,0.27,4.47,5423.39,1
2020-01-19,18,Sydney,ST0099,22,94,33.4,0.2,6.68,4585.75,1
2022-08-02,13,Rome,ST0321,100,51,21.68,0.34,7.37,5579.86,0
2019-03-24,21,Tokyo,ST0086,7,21,17.16,0.31,5.32,4707.1,1
2021-04-15,23,Chicago,ST0194,7,54,24.74,0.17,4.21,5011.83,0
2021-02-07,18,Chicago,ST0176,7,65,21.37,0.2,4.27,4967.9,1
2024-07-26,21,Denver,ST0245,50,26,14.54,0.27,3.93,4219.17,1
2025-07-18,23,Sydney,ST0052,7,41,15.18,0.19,2.88,5210.29,0
2018-09-08,15,Boston,ST0385,7,45,27.1,0.21,5.69,4439.87,0
2025-06-18,16,Helsinki,ST0405,7,73,35.19,0.08,2.81,5506.26,0
2019-02-01,19,Seattle,ST0268,7,63,22.81,0.1,2.28,5263.47,1
2022-03-19,13,Dublin,ST0267,22,17,13.45,0.26,3.5,4883.52,0
2023-06-14,21,Amsterdam,ST0388,22,58,22.86,0.22,5.03,4755.7,1
2024-10-11,16,Madrid,ST0173,22,25,22.95,0.3,6.89,4503.5,0
2025-08-24,23,London,ST0162,11,47,24.85,0.1,2.48,4155.75,0
2022-01-19,18,Osaka,ST0205,50,60,21.84,0.34,7.43,5314.84,1
2024-11-06,13,New York,ST0500,22,45,35.78,0.13,4.65,5167.27,0
2021-09-14,16,Houston,ST0002,50,59,31.42,0.19,5.97,5505.12,0
2025-10-31,23,Berlin,ST0372,11,46,27.44,0.18,4.94,5079.41,0
2018-04-16,17,Dublin,ST0063,100,60,31.22,0.21,6.56,5731.7,1
2021-02-18,23,Seoul,ST0385,11,61,22.74,0.18,4.09,4644.77,0
2022-02-18,22,Rome,ST0317,150,20,23.78,0.14,3.33,5446.91,0
2025-05-22,18,Amsterdam,ST0264,50,71,32.23,0.32,10.31,5719.32,1
2025-05-28,18,Seattle,ST0002,150,21,15.26,0.08,1.22,4379.2,1
2021-08-12,18,Los Angeles,ST0325,22,33,21.06,0.25,5.26,4792.2,1
2018-07-07,12,Singapore,ST0167,150,43,18.67,0.2,3.73,5486.06,0
2022-12-25,16,Denver,ST0311,50,80,34.76,0.18,6.26,4403.47,0
2022-06-28,17,Singapore,ST0314,7,68,23.71,0.28,6.64,5539.06,1
2021-11-27,14,Madrid,ST0481,50,31,25.28,0.23,5.82,4538.1,0
2025-05-20,16,Seoul,ST0464,7,43,15.34,0.27,4.14,4642.0,0
2022-04-26,4,Miami,ST0311,11,44,19.57,0.34,6.65,4365.57,0
2025-12-26,12,Phoenix,ST0446,100,55,21.3,0.17,3.62,5079.94,0
2024-05-31,12,Seoul,ST0259,7,15,28.43,0.26,7.39,4721.62,0
2019-06-08,17,Amsterdam,ST0408,7,55,29.47,0.17,5.01,5140.94,1
2021-05-19,15,Osaka,ST0281,50,41,23.72,0.22,5.22,5262.68,0
2019-11-20,20,Rome,ST0489,7,14,12.89,0.19,2.45,5865.88,1
2023-05-29,13,Osaka,ST0277,11,40,20.12,0.18,3.62,4929.59,0
2020-09-23,23,Seattle,ST0088,150,54,20.46,0.41,8.39,5081.14,0
2025-11-06,15,Chicago,ST0055,50,73,24.41,0.34,8.3,4462.34,0
2018-04-30,23,San Francisco,ST0476,22,49,30.34,0.35,10.62,4515.04,0
2022-04-20,23,Sydney,ST0144,11,16,14.68,0.16,2.35,5270.55,0
2020-11-21,18,Osaka,ST0244,150,41,23.65,0.26,6.15,5288.73,1
2019-05-20,23,Osaka,ST0070,100,81,27.61,0.18,4.97,5377.22,0
2025-02-08,12,Singapore,ST0252,7,31,26.72,0.21,5.61,4242.77,0
2025-10-04,10,London,ST0447,11,45,29.11,0.3,8.73,4871.88,0
2024-06-17,23,Sydney,ST0474,100,42,22.35,0.08,1.79,4825.71,0
2018-09-22,22,Tokyo,ST0176,50,76,22.97,0.25,5.74,5555.31,0
2022-04-13,18,Tokyo,ST0329,100,10,20.44,0.27,5.52,4468.03,1
2022-11-25,16,Denver,ST0115,22,21,7.67,0.29,2.22,4848.8,0
2019-04-19,23,Miami,ST0045,7,62,23.67,0.21,4.97,5337.76,0
2019-01-01,22,London,ST0380,100,51,29.65,0.2,5.93,4560.02,0
2020-02-10,17,Singapore,ST0483,7,49,17.87,0.13,2.32,5135.18,1
2024-06-04,15,Paris,ST0066,22,41,21.12,0.33,6.97,5515.37,0
2022-04-07,11,Helsinki,ST0378,7,34,26.33,0.26,6.85,4804.59,0
2021-06-27,12,New York,ST0303,100,31,19.14,0.24,4.59,5668.41,0
2020-02-17,14,Berlin,ST0217,22,24,20.34,0.29,5.9,4137.91,0
2022-02-04,23,Osaka,ST0479,11,41,19.25,0.11,2.12,5390.25,0
2023-10-30,17,Osaka,ST0309,100,48,19.26,0.2,3.85,4673.73,1
2020-06-28,17,Houston,ST0203,7,31,14.05,0.41,5.76,4214.49,1
2024-01-14,18,Rome,ST0162,11,10,9.21,0.23,2.12,4984.04,1
2021-04-30,23,Denver,ST0256,150,52,23.49,0.15,3.52,5803.47,0
2023-02-10,22,Phoenix,ST0308,22,20,20.59,0.23,4.74,4849.53,0
2019-08-21,21,Singapore,ST0341,150,61,24.37,0.2,4.87,5766.95,1
2018-05-21,22,Dublin,ST0164,22,46,15.37,0.24,3.69,5350.54,0
2023-08-20,4,Seoul,ST0064,22,50,21.92,0.2,4.38,4213.98,0
2025-12-03,17,Helsinki,ST0245,150,72,24.41,0.29,7.08,4534.47,1
2020-06-02,21,Amsterdam,ST0150,150,45,25.16,0.22,5.54,5341.45,1
2022-03-23,5,New York,ST0415,22,16,22.01,0.08,1.76,4422.73,0
2019-09-18,17,Seoul,ST0108,150,28,17.9,0.24,4.3,5416.26,1
2020-07-10,13,Seoul,ST0377,7,33,18.3,0.08,1.46,4904.07,0
2020-01-04,22,Amsterdam,ST0373,50,65,21.45,0.13,2.79,5036.59,0
2021-05-10,22,Osaka,ST0468,11,48,25.21,0.3,7.56,4671.26,0
2018-03-30,16,Oslo,ST0201,22,77,26.26,0.13,3.41,4590.35,0
2022-09-27,13,Osaka,ST0243,22,52,19.76,0.24,4.74,4471.01,0
2022-05-23,7,Berlin,ST0037,100,51,24.86,0.26,6.46,4402.96,0
2021-03-05,14,Miami,ST0357,11,53,31.96,0.22,7.03,5120.11,0
2025-11-11,16,Oslo,ST0202,7,14,24.52,0.28,6.86,5273.46,0
2019-06-21,17,London,ST0386,100,56,29.19,0.33,9.63,5451.02,1
2018-08-10,18,Seoul,ST0156,50,18,20.94,0.24,5.03,5298.27,1
2025-05-05,23,San Francisco,ST0296,11,43,33.66,0.1,3.37,5304.33,0
2022-12-15,14,Seoul,ST0248,22,10,18.19,0.12,2.18,4772.05,0
2019-08-17,18,Seattle,ST0112,150,67,18.5,0.28,5.18,4983.05,1
2020-03-12,23,Singapore,ST0334,7,36,15.66,0.13,2.04,4376.73,0
2022-01-23,20,Singapore,ST0439,100,74,24.06,0.26,6.25,4234.5,1
2019-02-22,18,Osaka,ST0403,11,58,17.72,0.21,3.72,5288.84,1
2022-03-23,3,Madrid,ST0348,11,71,28.29,0.27,7.64,4466.79,0
2018-08-19,9,Houston,ST0183,50,55,24.19,0.22,5.32,5320.55,0
2020-01-06,21,New York,ST0061,100,83,28.73,0.17,4.88,4940.71,1
2025-04-16,20,London,ST0304,50,65,18.46,0.22,4.06,5778.63,1
2019-09-01,16,Tokyo,ST0370,50,63,28.03,0.29,8.13,4527.22,0
2020-09-30,13,New York,ST0061,11,45,15.74,0.2,3.15,4949.39,0
2022-06-13,23,Amsterdam,ST0155,150,53,27.49,0.3,8.25,4587.62,0
2024-09-07,17,San Francisco,ST0335,150,93,28.76,0.3,8.63,5436.93,1
2022-03-18,10,Sydney,ST0355,150,51,24.85,0.24,5.96,4422.36,0
2025-05-21,12,Chicago,ST0399,50,35,21.71,0.3,6.51,5735.5,0
2025-04-17,23,Berlin,ST0141,150,62,20.42,0.19,3.88,5146.64,0
2025-04-29,14,Rome,ST0189,7,56,28.32,0.26,7.36,5405.86,0
2019-05-07,13,Houston,ST0043,7,63,22.08,0.15,3.31,5114.39,0
2023-06-27,23,Tokyo,ST0343,100,54,24.58,0.24,5.9,5126.55,0
2020-07-10,12,Los Angeles,ST0301,100,20,20.01,0.23,4.6,4825.69,0
2024-06-03,21,Amsterdam,ST0141,150,40,25.61,0.21,5.38,5934.14,1
2019-01-23,18,Helsinki,ST0093,50,91,30.68,0.21,6.44,4533.0,1
2023-06-07,10,Tokyo,ST0360,50,25,16.6,0.25,4.15,4503.33,0
2021-05-07,18,Helsinki,ST0065,7,70,25.96,0.37,9.61,4375.94,1
2021-08-25,17,Chicago,ST0366,100,34,26.76,0.08,2.14,4225.49,1
2020-01-28,17,Berlin,ST0417,150,76,28.25,0.13,3.67,4354.41,1
2018-03-22,23,Berlin,ST0285,100,32,17.13,0.32,5.48,5534.05,0
2023-12-12,23,Amsterdam,ST0033,100,25,13.37,0.23,3.08,5181.06,0
2024-07-23,19,Oslo,ST0366,150,74,18.21,0.28,5.1,4404.53,1
2019-05-24,22,Sydney,ST0386,11,35,18.13,0.18,3.26,4289.72,0
2025-05-21,18,Houston,ST0093,100,29,25.41,0.26,6.61,5805.72,1
2025-10-18,19,San Francisco,ST0003,100,55,31.6,0.18,5.69,4262.27,1
2023-01-06,19,London,ST0063,7,16,32.19,0.32,10.3,6090.75,1
2019-06-12,18,Helsinki,ST0106,150,56,22.42,0.28,6.28,4341.92,1
2019-10-23,5,Chicago,ST0288,22,29,14.2,0.32,4.54,5564.65,0
2018-05-24,10,Chicago,ST0064,100,70,31.16,0.11,3.43,4629.49,0
2021-05-07,15,Paris,ST0495,100,59,18.94,0.21,3.98,4532.78,0
2019-12-04,20,Madrid,ST0484,150,40,20.12,0.21,4.23,5998.52,1
2018-01-01,15,Denver,ST0154,7,24,23.8,0.21,5.0,4187.57,0
2023-10-29,23,Miami,ST0338,100,37,20.55,0.23,4.73,5907.26,0
2022-12-28,9,Phoenix,ST0296,50,50,34.44,0.23,7.92,4200.08,0
2025-10-18,14,London,ST0268,22,49,30.53,0.2,6.11,5315.46,0
2024-10-18,10,Oslo,ST0262,11,16,17.51,0.32,5.6,4804.46,0
2025-09-18,19,Houston,ST0340,7,50,29.55,0.18,5.32,5342.33,1
2020-08-29,13,New York,ST0097,11,84,24.08,0.16,3.85,5131.15,0
2021-05-12,18,Seattle,ST0491,11,51,25.26,0.14,3.54,5767.71,1
2024-10-02,22,Oslo,ST0111,100,72,24.0,0.25,6.0,5134.68,0
2022-01-10,23,Boston,ST0066,150,68,27.13,0.11,2.98,5958.33,0
2024-12-23,20,Madrid,ST0039,100,32,23.87,0.11,2.63,5523.17,1
2020-11-10,10,Boston,ST0196,150,40,24.02,0.29,6.97,4849.36,0
2019-10-31,21,Berlin,ST0234,7,44,23.12,0.23,5.32,4917.95,1
2020-11-07,9,Osaka,ST0218,150,29,22.7,0.2,4.54,4692.91,0
2019-08-10,16,Oslo,ST0105,7,27,18.77,0.2,3.75,4897.67,0
2025-01-22,19,Singapore,ST0138,150,41,17.77,0.12,2.13,6249.81,1
2025-10-25,12,Tokyo,ST0099,150,34,24.67,0.25,6.17,5099.09,0
2022-03-05,15,Helsinki,ST0337,150,49,24.19,0.2,4.84,5019.45,0
2023-09-26,23,Dublin,ST0084,50,44,23.2,0.29,6.73,5533.49,0
2019-09-21,23,London,ST0404,50,10,23.73,0.26,6.17,4612.08,0
2022-04-02,19,Los Angeles,ST0494,100,66,21.77,0.25,5.44,5402.77,1
2020-10-10,12,Chicago,ST0139,7,42,24.54,0.16,3.93,4398.6,0
2023-12-17,17,Houston,ST0351,100,61,28.54,0.16,4.57,5280.24,1
2022-07-25,13,Chicago,ST0169,150,12,17.6,0.3,5.28,5158.4,0
2018-12-31,17,Paris,ST0466,22,36,20.37,0.23,4.69,4387.27,1
2021-01-24,16,Phoenix,ST0445,11,40,16.04,0.16,2.57,5089.43,0
2021-01-25,18,Los Angeles,ST0051,50,38,18.0,0.33,5.94,4513.02,1
2020-06-29,19,Berlin,ST0488,7,35,22.38,0.25,5.6,4284.4,1
2019-05-21,17,San Francisco,ST0270,150,68,34.97,0.21,7.34,5000.71,1
2021-06-09,23,Helsinki,ST0421,50,67,22.95,0.18,4.13,5530.09,0
2019-01-27,12,Stockholm,ST0179,150,66,27.59,0.26,7.17,4722.0,0
2024-06-01,14,Miami,ST0283,22,74,25.65,0.19,4.87,4842.52,0
2024-10-24,18,Houston,ST0460,7,24,18.06,0.18,3.25,5354.86,1
2019-12-01,13,London,ST0485,50,10,9.36,0.12,1.12,5478.23,0
2020-01-11,18,Paris,ST0413,150,55,27.28,0.22,6.0,4931.74,1
2025-08-08,23,Oslo,ST0283,100,47,30.64,0.26,7.97,4773.64,0
2022-07-08,15,Amsterdam,ST0304,11,30,27.69,0.19,5.26,4511.51,0
2020-11-27,19,Los Angeles,ST0352,100,43,24.63,0.35,8.62,5435.07,1
2025-12-31,18,Phoenix,ST0337,11,16,17.42,0.27,4.7,4344.16,1
2019-08-08,23,Berlin,ST0291,150,45,23.64,0.17,4.02,5302.95,0
2020-12-31,12,New York,ST0471,150,88,35.15,0.29,10.19,4185.37,0
2025-03-03,19,Paris,ST0363,11,69,29.25,0.15,4.39,4671.94,1
2025-08-09,15,Dublin,ST0215,150,32,29.48,0.09,2.65,5245.9,0
2023-02-19,11,San Francisco,ST0225,22,25,10.95,0.18,1.97,5519.17,0
2023-04-04,19,Stockholm,ST0147,22,21,25.61,0.31,7.94,5034.45,1
2022-10-19,23,Stockholm,ST0483,150,61,28.73,0.16,4.6,5388.63,0
2020-07-26,19,Miami,ST0326,7,55,21.18,0.23,4.87,4556.28,1
2021-06-05,7,Madrid,ST0395,22,64,18.17,0.23,4.18,4879.17,0
2019-01-05,19,Tokyo,ST0041,7,39,24.04,0.25,6.01,5343.63,1
2020-09-10,23,Chicago,ST0085,100,49,24.2,0.16,3.87,5274.77,0
2018-08-24,21,Chicago,ST0381,22,41,25.64,0.2,5.13,5358.07,1
2024-03-19,22,Amsterdam,ST0414,7,62,26.03,0.15,3.9,4738.16,0
2022-10-03,20,Osaka,ST0261,150,93,27.46,0.25,6.86,4731.8,1
2019-07-13,13,Amsterdam,ST0255,100,31,11.31,0.31,3.51,3690.17,0
2025-09-07,16,Osaka,ST0455,100,21,16.1,0.32,5.15,4984.93,0
2025-10-29,13,Houston,ST0208,7,33,18.13,0.22,3.99,4918.98,0
2024-11-29,23,Seattle,ST0467,150,10,19.03,0.2,3.81,5509.38,0
2018-01-30,19,Seoul,ST0218,150,56,26.45,0.15,3.97,5591.41,1
2023-12-29,21,Singapore,ST0177,11,63,31.88,0.25,7.97,5788.02,1
2025-06-01,19,Stockholm,ST0351,100,40,22.77,0.22,5.01,4711.37,1
2018-06-23,23,Dublin,ST0230,11,50,24.47,0.25,6.12,6547.82,0
2025-07-25,12,Sydney,ST0269,11,28,14.46,0.2,2.89,4920.59,0
2019-12-18,15,Chicago,ST0188,11,34,22.79,0.18,4.1,5046.26,0
2023-10-06,23,Paris,ST0488,7,58,29.37,0.3,8.81,5218.87,0
2022-09-28,17,Amsterdam,ST0195,11,29,19.52,0.18,3.51,5283.93,1
2022-03-09,19,Houston,ST0174,150,58,19.16,0.32,6.13,4743.14,1
2020-10-20,12,Oslo,ST0436,7,36,34.74,0.19,6.6,4716.41,0
2021-04-03,17,Miami,ST0248,22,42,19.13,0.23,4.4,5454.33,1
2020-12-20,19,Seattle,ST0002,150,22,18.92,0.18,3.41,4982.14,1
2025-01-29,23,Helsinki,ST0202,11,42,22.6,0.34,7.68,5488.5,0
2021-06-02,20,Tokyo,ST0264,7,84,30.53,0.08,2.44,5438.45,1
2023-03-12,10,Dublin,ST0435,50,54,15.91,0.19,3.02,4581.75,0
2018-08-24,14,Paris,ST0004,100,38,27.72,0.17,4.71,5163.46,0
2023-03-01,13,London,ST0153,22,41,24.54,0.15,3.68,4202.3,0
2019-03-15,20,Los Angeles,ST0180,150,67,25.64,0.19,4.87,5080.42,1
2020-02-02,18,Berlin,ST0182,7,49,11.24,0.15,1.69,4482.34,1
2019-02-20,18,Madrid,ST0252,11,48,26.94,0.24,6.47,4317.4,1
2018-12-14,23,Stockholm,ST0264,11,70,20.11,0.24,4.83,4742.72,0
2022-08-10,18,Houston,ST0468,50,66,36.57,0.27,9.87,5153.75,1
2018-01-29,16,Phoenix,ST0394,150,48,30.56,0.22,6.72,4499.18,0
2020-10-21,9,Denver,ST0241,50,55,25.84,0.17,4.39,5296.35,0
2022-03-14,15,Miami,ST0187,50,42,22.96,0.2,4.59,5009.76,0
2020-01-17,23,Oslo,ST0416,22,22,23.08,0.23,5.31,5129.21,0
2019-03-22,22,Rome,ST0337,50,45,25.8,0.27,6.97,4791.02,0
2019-10-25,19,Phoenix,ST0182,150,39,22.02,0.2,4.4,5203.61,1
2022-11-13,18,Los Angeles,ST0184,150,52,24.15,0.11,2.66,4972.29,1
2020-03-23,18,Houston,ST0098,22,49,20.91,0.14,2.93,5255.95,1
2018-06-14,16,Phoenix,ST0203,50,48,22.35,0.22,4.92,4684.77,0
2021-09-18,13,New York,ST0083,150,54,21.46,0.23,4.94,5051.09,0
2020-03-26,15,Amsterdam,ST0492,150,20,32.53,0.18,5.86,5241.83,0
2020-12-24,23,Houston,ST0216,50,60,23.7,0.22,5.21,4638.49,0
2024-03-03,22,Amsterdam,ST0410,150,56,22.15,0.15,3.32,4367.97,0
2019-06-06,22,London,ST0385,50,47,24.71,0.16,3.95,4307.11,0
2023-08-18,22,Singapore,ST0473,150,45,27.94,0.19,5.31,4933.34,0
2022-05-12,21,Phoenix,ST0057,7,59,29.07,0.2,5.81,5343.54,1
2018-03-28,23,Phoenix,ST0080,22,42,20.47,0.31,6.35,4714.67,0
2023-08-11,21,Los Angeles,ST0393,150,43,13.95,0.3,4.19,3596.88,1
2020-08-26,8,New York,ST0348,22,55,27.24,0.18,4.9,4842.85,0
2022-10-26,5,Dublin,ST0378,7,59,26.33,0.22,5.79,4715.74,0
2022-11-15,20,Amsterdam,ST0149,22,44,13.91,0.37,5.15,5556.04,1
2023-06-14,11,Chicago,ST0390,50,38,21.38,0.3,6.41,3725.88,0
2020-10-11,15,Dublin,ST0079,150,10,17.77,0.19,3.38,4910.95,0
2023-09-26,14,San Francisco,ST0128,22,29,24.58,0.25,6.14,5154.01,0
2019-04-17,17,Boston,ST0359,11,33,21.37,0.26,5.56,3837.07,1
2025-06-22,19,Madrid,ST0102,50,51,24.43,0.21,5.13,3694.66,1
2025-12-03,15,Houston,ST0359,150,80,27.66,0.2,5.53,4919.11,0
2023-08-20,19,Dublin,ST0093,11,58,23.82,0.25,5.95,5813.59,1
2024-08-18,23,Tokyo,ST0325,11,91,25.64,0.34,8.72,4667.21,0
2020-07-28,19,Houston,ST0068,50,59,22.53,0.23,5.18,5425.34,1
2018-06-07,14,Boston,ST0099,11,78,20.44,0.36,7.36,5362.41,0
2022-10-13,17,Los Angeles,ST0316,11,36,19.78,0.21,4.15,4894.89,1
2019-01-08,23,New York,ST0195,50,84,29.08,0.16,4.65,4803.44,0
2023-11-21,17,Miami,ST0359,150,24,14.99,0.37,5.54,5051.25,1
2020-08-05,13,Denver,ST0173,50,61,19.43,0.14,2.72,4436.19,0
2023-05-17,23,New York,ST0262,50,39,10.47,0.3,3.14,4848.7,0
2025-03-22,8,New York,ST0156,7,38,25.17,0.25,6.29,5659.87,0
2021-01-07,13,Paris,ST0144,22,45,19.9,0.11,2.19,5282.37,0
2025-12-24,20,Madrid,ST0127,22,50,26.13,0.17,4.44,4501.69,1
2018-07-14,18,San Francisco,ST0021,7,68,34.2,0.28,9.58,5011.39,1
2018-08-02,19,Osaka,ST0382,22,45,18.27,0.22,4.02,4285.67,1
2020-05-18,17,Miami,ST0242,22,77,31.35,0.16,5.02,4929.2,1
2024-10-20,13,Houston,ST0221,11,43,28.37,0.27,7.66,6115.53,0
2020-10-30,23,Amsterdam,ST0187,22,49,27.27,0.21,5.73,4505.31,0
2021-05-31,23,Houston,ST0050,150,65,24.59,0.24,5.9,5678.85,0
2018-02-25,22,Osaka,ST0283,11,15,21.02,0.21,4.41,5580.57,0
2021-09-18,23,Paris,ST0380,22,71,20.93,0.17,3.56,5600.76,0
2024-08-09,15,Stockholm,ST0310,22,14,22.34,0.18,4.02,5784.27,0
2020-09-02,19,Tokyo,ST0142,11,48,21.91,0.33,7.23,5146.93,1
2024-07-21,15,Berlin,ST0045,7,29,21.11,0.15,3.17,5398.89,0
2019-06-19,8,Tokyo,ST0381,100,42,26.09,0.24,6.26,4405.72,0
2019-05-08,21,New York,ST0301,150,27,21.13,0.27,5.7,5235.97,1
2020-02-20,14,Seattle,ST0361,50,68,26.59,0.27,7.18,5650.92,0
2019-02-09,23,Chicago,ST0483,100,67,27.0,0.28,7.56,5174.81,0
2024-12-10,11,London,ST0155,150,51,25.4,0.26,6.6,4757.61,0
2023-04-27,14,Sydney,ST0104,100,58,18.39,0.32,5.89,4737.87,0
2019-09-22,19,New York,ST0066,11,56,27.67,0.12,3.32,5402.74,1
2022-09-09,19,Oslo,ST0365,22,32,18.09,0.2,3.62,4303.0,1
2024-04-14,23,Paris,ST0459,22,74,29.14,0.2,5.83,4978.0,0
2023-01-11,21,Tokyo,ST0368,7,80,24.75,0.14,3.46,5792.81,1
2022-11-22,9,Chicago,ST0248,50,24,19.65,0.11,2.16,5314.66,0
2023-11-16,22,Stockholm,ST0405,7,33,28.36,0.32,9.07,4996.85,0
2019-11-15,15,Dublin,ST0141,150,90,32.41,0.24,7.78,5611.4,0
2019-06-13,19,Miami,ST0024,100,34,22.48,0.29,6.52,3973.83,1
2018-09-07,16,Seoul,ST0098,150,72,24.08,0.33,7.95,5623.69,0
2022-06-17,17,Amsterdam,ST0351,100,33,20.52,0.41,8.41,5859.31,1
2023-10-05,18,Chicago,ST0085,50,32,22.43,0.24,5.38,4328.02,1
2023-09-18,18,Berlin,ST0288,50,71,17.52,0.28,4.91,5617.49,1
2022-06-30,15,Dublin,ST0140,11,78,23.91,0.25,5.98,4742.25,0
2020-01-24,16,Los Angeles,ST0082,100,32,25.33,0.28,7.09,4889.12,0
2020-06-11,11,Helsinki,ST0357,7,53,26.47,0.2,5.29,5759.5,0
2023-10-02,10,Rome,ST0258,150,10,15.55,0.27,4.2,4234.26,0
2023-11-21,13,Boston,ST0156,11,64,27.99,0.25,7.0,5262.69,0
2021-04-28,15,Seoul,ST0138,100,37,26.49,0.13,3.44,3834.6,0
2019-05-03,15,San Francisco,ST0115,7,63,26.84,0.28,7.51,3899.2,0
2023-12-26,19,Denver,ST0150,7,58,18.21,0.28,5.1,4897.06,1
2025-03-04,23,Phoenix,ST0483,22,10,26.05,0.19,4.95,4255.61,0
2019-06-29,15,Boston,ST0448,7,50,29.19,0.34,9.92,5627.7,0
2025-03-16,13,Denver,ST0422,11,67,28.0,0.17,4.76,4766.03,0
2023-12-30,14,Houston,ST0001,150,45,19.75,0.15,2.96,5098.57,0
2021-11-24,21,Tokyo,ST0310,22,41,29.76,0.2,5.95,4887.65,1
2021-08-22,21,Chicago,ST0485,150,42,23.46,0.08,1.88,5022.21,1
2024-02-28,8,Boston,ST0370,11,20,13.72,0.15,2.06,4440.47,0
2022-07-31,15,Dublin,ST0151,22,58,26.07,0.09,2.35,4945.94,0
2018-08-23,19,Tokyo,ST0418,7,38,22.26,0.23,5.12,5351.32,1
2021-12-27,10,Denver,ST0375,22,40,30.34,0.32,9.71,5246.84,0
2019-12-25,20,Boston,ST0498,7,78,36.95,0.21,7.76,4563.08,1
2024-01-11,16,Osaka,ST0445,100,106,22.87,0.19,4.35,4205.15,0
2019-03-12,18,Singapore,ST0382,150,20,19.86,0.08,1.59,5248.24,1
2022-04-14,23,Tokyo,ST0132,150,37,21.76,0.21,4.57,5137.51,0
2025-02-11,17,Dublin,ST0283,11,60,31.37,0.16,5.02,4810.8,1
2022-12-17,22,Denver,ST0167,22,16,10.07,0.24,2.42,5228.44,0
2020-04-15,14,Helsinki,ST0323,50,33,18.16,0.16,2.91,5199.38,0
2019-09-30,12,Rome,ST0119,150,39,18.15,0.12,2.18,5247.7,0
2022-11-13,15,Paris,ST0076,50,48,16.22,0.17,2.76,5242.92,0
2019-01-19,23,Amsterdam,ST0093,50,10,18.19,0.25,4.55,4724.73,0
2020-01-28,22,San Francisco,ST0097,100,27,22.01,0.18,3.96,5637.75,0
2023-07-03,14,Singapore,ST0093,150,37,27.17,0.15,4.08,4923.05,0
2021-03-01,8,Los Angeles,ST0159,11,23,22.67,0.15,3.4,4478.4,0
2019-12-29,20,Berlin,ST0352,100,33,26.07,0.24,6.26,5222.14,1
